,tech_startups,city,country,latitude,longitude,starbucks,starbucks_lat,starbucks_lon,airport,air_lat,air_lon,daycare,daycare_lat,daycare_lon,nightclub,nightclub_lat,nightclub_lon,vegan_restaurant,vegan_restaurant_lat,vegan_restaurant_lon
0,Wetpaint,Seattle,USA,47.603122,-122.333253,Starbucks,47.6041558,-122.3308269,Seattle-Tacoma International Airport,47.4502499,-122.3088165,Cosmopolitan Kids Downtown Academy,47.60568610000001,-122.3349966,Trinity,47.6015129,-122.3332959,Cafe Zum Zum,47.6046546,-122.3334554
1,Wesabe,San Francisco,USA,37.793148,-122.402567,Starbucks,37.792183,-122.40377,San Francisco International Airport,37.6213129,-122.3789554,Bright Horizons,37.7921109,-122.4039273,Club Blend,37.7919436,-122.4045169,Enjoy Vegetarian,37.7958182,-122.4052477
2,Pando Networks,New York,USA,40.722655,-73.99873,Starbucks,40.722553,-73.997942,John F. Kennedy International Airport,40.6413111,-73.77813909999999,SoHo Child Care,40.7233739,-74.0010602,GoldBar,40.72037479999999,-73.99711769999999,Le Botaniste,40.7204931,-74.0002294
3,Livestream,New York,USA,40.726155,-73.995625,Starbucks,40.727212,-73.995485,John F. Kennedy International Airport,40.6413111,-73.77813909999999,Sompit Child Care,40.7278058,-73.9979716,House of Hunter,40.7247377,-73.9976564,Siggy's Good Food,40.7247506,-73.9931241
4,Netvibes,Paris,FRA,48.870806,2.34668,Starbucks,48.8706754,2.3469117,Paris-Charles De Gaulle,49.0096906,2.5479245,Municipal Collective Nursery - Thorel,48.8696886,2.3490649,S.i.r.,48.87044479999999,2.347435,Vietnam In Paris,48.8684136,2.3478697
5,FeedBurner,Chicago,USA,41.889474,-87.628912,Starbucks,41.89016000000001,-87.63125099999999,Chicago Midway International Airport,41.78677589999999,-87.7521884,Nannies of Children's Learning Place,41.889873,-87.627482,Underground,41.890952,-87.630203,LYFE Kitchen,41.889843,-87.63084700000002
6,TVtrip,Paris,FRA,48.856667,2.350987,Starbucks,48.8568201,2.3548934,Paris-Charles De Gaulle,49.0096906,2.5479245,Day Care Municipal - Lobau,48.8560309,2.3529509,Le Klub,48.859106,2.3479023,Wild & The Moon @ Lafayette Anticipations,48.8591834,2.354776
7,Loomia,San Francisco,USA,37.796396,-122.404869,Starbucks,37.794632,-122.402728,San Francisco International Airport,37.6213129,-122.3789554,Wu Yee Children's Services - Lok Yuen CDC & Joy Lok FRC,37.7941834,-122.4076891,HUE,37.797948,-122.4047847,Enjoy Vegetarian,37.7958182,-122.4052477
8,Eventbrite,San Francisco,USA,37.779507,-122.39071,Starbucks,37.777035,-122.393641,San Francisco International Airport,37.6213129,-122.3789554,Wonderful Children Day Care,37.7822907,-122.3888066,LL World HQ,37.7824195,-122.3951131,SAJJ Mediterranean SoMa,37.781306,-122.391719
9,Seesmic,San Francisco,USA,37.775196,-122.419204,Starbucks,37.7770595,-122.417347,San Francisco International Airport,37.6213129,-122.3789554,Marin Day Schools Market Street,37.7772044,-122.4173489,"THEX RELIGIOÚZ ROMEX, ITALIAX!",37.7749295,-122.4194155,Ananda Fuara,37.7778739,-122.4162916
10,spigit,Reston,USA,38.9590083,-77.3592746,Starbucks,38.958891,-77.35914,Dulles International Airport,38.9531162,-77.45653879999999,"Winwood Children's Center, Reston",38.960974,-77.35936699999999,Hyatt Regency Conservatory Lounge,38.9585928,-77.3561096,sweetgreen,38.9577044,-77.3595079
11,Curse,San Francisco,USA,37.787092,-122.399972,Starbucks,37.787764,-122.401087,San Francisco International Airport,37.6213129,-122.3789554,American Child Care Services,37.78939560000001,-122.3997317,Harlot,37.7885694,-122.3981969,The Dosa Brothers: Montgomery Street,37.7889981,-122.4018906
12,Vuze,San Mateo,USA,37.4858654,-122.2262606,Starbucks Reserve,37.486332,-122.229944,San Francisco International Airport,37.6213129,-122.3789554,Footsteps Child Care Inc,37.4852151,-122.226868,Club Caliente,37.4870427,-122.2229391,Vesta,37.486806,-122.226791
13,Tangler,Mountain View,USA,37.386665,-122.084171,Starbucks,37.387571,-122.083068,Norman Y. Mineta San Jose International Airport,37.3639472,-121.9289375,Safari Kid - Mountain View,37.3867586,-122.0850181,Mountain view Masonic lodge,37.389414,-122.0841778,Amici's East Coast Pizzeria,37.3873831,-122.0833853
14,Revver,Los Angeles,USA,34.052187,-118.243425,Starbucks,34.050984,-118.242338,Los Angeles International Airport,33.9415889,-118.40853,Joy Picus Child Development Center,34.0522706,-118.2425831,my house,34.0522342,-118.2436849,California Pita,34.0534439,-118.2412663
15,Dropbox,San Francisco,USA,37.7909427,-122.4084994,Starbucks,37.789348,-122.406831,San Francisco International Airport,37.6213129,-122.3789554,Chinatown Community Children's Center,37.7938275,-122.4091552,Love + Propaganda,37.7887903,-122.4065981,Hermanos Coffee + Juice,37.7929116,-122.4052114
16,Kongregate,San Francisco,USA,37.786942,-122.401245,Starbucks,37.787764,-122.401087,San Francisco International Airport,37.6213129,-122.3789554,American Child Care Services,37.78939560000001,-122.3997317,Temple Nightclub San Francisco,37.787956,-122.3972472,The Dosa Brothers: Montgomery Street,37.7889981,-122.4018906
17,Yola,San Francisco,USA,37.7911148,-122.3954751,Starbucks Reserve,37.791511,-122.395103,San Francisco International Airport,37.6213129,-122.3789554,Pacific Gas Children's Center,37.7921285,-122.3966794,Temple Nightclub San Francisco,37.787956,-122.3972472,Elixiria,37.7920646,-122.3967288
18,BitTorrent,San Francisco,USA,37.790998,-122.394668,Starbucks Reserve,37.791511,-122.395103,San Francisco International Airport,37.6213129,-122.3789554,Bright Horizons at 221 Main,37.79034,-122.392263,Temple Nightclub San Francisco,37.787956,-122.3972472,Elixiria,37.7920646,-122.3967288
19,Vlingo,Cambridge,USA,42.372912,-71.118999,Starbucks Reserve,42.373333,-71.119214,Boston Logan International Airport,42.3656132,-71.0095602,Radcliffe Child Care Center,42.370429,-71.1161876,Club Latinos Fridays,42.3741948,-71.1206496,Veggie Grill,42.3720936,-71.1207503
20,Docstoc,Santa Monica,USA,34.018275,-118.495025,Starbucks,34.0157416,-118.4965857,Los Angeles International Airport,33.9415889,-118.40853,Knowledge Universe,34.0178262,-118.4971913,West End,34.0185186,-118.4956006,Sunnin Lebanese Cuisine,34.0178511,-118.4936347
21,Shock Treatment Management,Seattle,USA,47.610332,-122.339859,Starbucks,47.6090095,-122.3399417,Seattle-Tacoma International Airport,47.4502499,-122.3088165,Pike Market Child Care & Preschool,47.6083435,-122.3416313,Joseph Boy toy,47.6084268,-122.3405616,Veggie Grill,47.6098817,-122.3366367
22,MocoSpace,Boston,USA,42.350274,-71.058768,Starbucks,42.35223999999999,-71.05597,Boston Logan International Airport,42.3656132,-71.0095602,Bright Horizons at Tufts Medical Center,42.3490058,-71.06237589999999,Savvor Restaurant and Lounge,42.3505467,-71.0583752,Oath Pizza - South Station,42.351621,-71.055256
23,Thumbplay,New York,USA,40.725435,-73.997395,Starbucks,40.727212,-73.995485,John F. Kennedy International Airport,40.6413111,-73.77813909999999,SoHo Child Care,40.7233739,-74.0010602,House of Hunter,40.7247377,-73.9976564,by CHLOE.,40.7227818,-73.9972192
24,OMGPOP,New York,USA,40.723384,-74.001704,Starbucks,40.722553,-73.997942,John F. Kennedy International Airport,40.6413111,-73.77813909999999,SoHo Child Care,40.7233739,-74.0010602,Socialista New York,40.7235775,-74.00301139999999,Dr Smood,40.7228582,-74.00130759999999
25,Animoto,New York,USA,40.72948,-74.000195,Starbucks,40.730715,-74.002585,John F. Kennedy International Airport,40.6413111,-73.77813909999999,Manhattan Kid's Club III,40.73193879999999,-74.0005599,Groove,40.7305855,-74.0002232,Sacred Chow,40.729616,-73.99949
26,Xobni,San Francisco,USA,37.789634,-122.404052,Starbucks,37.7884614,-122.4034092,San Francisco International Airport,37.6213129,-122.3789554,Bright Horizons,37.7921109,-122.4039273,Love + Propaganda,37.7887903,-122.4065981,Baladie Gourmet Cafe,37.791349,-122.404405
27,Worklight,New York,USA,40.756799,-73.976348,Starbucks,40.757077,-73.97596899999999,John F. Kennedy International Airport,40.6413111,-73.77813909999999,Bright Horizons at E46th St,40.7538188,-73.9732642,Le Chalet,40.7582534,-73.9768371,by CHLOE. Rock Center,40.7577274,-73.9788603
28,Mobivox,Montreal,CAN,45.500277,-73.560084,Starbucks,45.5007393,-73.55924,Montréal-Pierre Elliott Trudeau International Airport,45.46568509999999,-73.7454814,Centre Des Petits,45.5024981,-73.5611958,Somwhr Liquor Lounge,45.5015812,-73.55937279999999,LOV,45.500594,-73.5590632
29,3Jam,San Francisco,USA,37.765125,-122.4044034,Starbucks,37.7658845,-122.4034908,San Francisco International Airport,37.6213129,-122.3789554,Bright Horizons at Kansas Street,37.7666032,-122.403834,150 San Bruno,37.7675037,-122.4061855,Next Level Burger San Francisco,37.7646436,-122.4028183
30,Wikinvest,San Francisco,USA,37.775196,-122.419204,Starbucks,37.7770595,-122.417347,San Francisco International Airport,37.6213129,-122.3789554,Marin Day Schools Market Street,37.7772044,-122.4173489,"THEX RELIGIOÚZ ROMEX, ITALIAX!",37.7749295,-122.4194155,Ananda Fuara,37.7778739,-122.4162916
31,Polyvore,Mountain View,USA,37.386175,-122.083487,Starbucks,37.387571,-122.083068,Norman Y. Mineta San Jose International Airport,37.3639472,-121.9289375,Safari Kid - Mountain View,37.3867586,-122.0850181,Mountain view Masonic lodge,37.389414,-122.0841778,Amici's East Coast Pizzeria,37.3873831,-122.0833853
32,Tumblr,New York,USA,40.743808,-73.983626,Starbucks,40.744169,-73.983712,John F. Kennedy International Airport,40.6413111,-73.77813909999999,Patricia Carbine Children Center,40.7430573,-73.98617,Labyrinth,40.7424026,-73.98480400000001,Chennai Garden by Tiffin Wallah,40.742965,-73.9827576
33,EchoSign,Palo Alto,USA,37.445326,-122.160671,Starbucks,37.446791,-122.160561,San Francisco International Airport,37.6213129,-122.3789554,Downtown Children's Center,37.4468532,-122.1593046,The Patio,37.4451653,-122.1639246,Curry Up Now,37.4454771,-122.1601943
34,Eurekster,,USA,37.790992,-122.40188,Starbucks,37.790184,-122.402101,San Francisco International Airport,37.6213129,-122.3789554,Bright Horizons,37.7921109,-122.4039273,Steve Hevel,37.7915692,-122.4036761,The Plant Cafe Organic,37.79168980000001,-122.4023125
35,Songbird,San Francisco,USA,37.787126,-122.39783,Starbucks,37.784833,-122.39996,San Francisco International Airport,37.6213129,-122.3789554,Bright Horizons at 2nd Street,37.7848078,-122.3948994,Temple Nightclub San Francisco,37.787956,-122.3972472,sweetgreen,37.7872625,-122.3986346
36,Disqus,San Francisco,USA,37.786906,-122.397672,Starbucks,37.784833,-122.39996,San Francisco International Airport,37.6213129,-122.3789554,Bright Horizons at 2nd Street,37.7848078,-122.3948994,Temple Nightclub San Francisco,37.787956,-122.3972472,sweetgreen,37.7872625,-122.3986346
37,Pelago,Seattle,USA,47.607065,-122.335373,Starbucks,47.607304,-122.334259,Seattle-Tacoma International Airport,47.4502499,-122.3088165,Cosmopolitan Kids Downtown Academy,47.60568610000001,-122.3349966,Pink door,47.6062095,-122.3320708,Cafe Zum Zum,47.6046546,-122.3334554
38,Faves,Seattle,USA,47.603327,-122.334983,Starbucks,47.60378799999999,-122.335678,Seattle-Tacoma International Airport,47.4502499,-122.3088165,Kids Centre Inc Spring Street,47.605176,-122.337157,Trinity,47.6015129,-122.3332959,Cafe Zum Zum,47.6046546,-122.3334554
39,Plazes,Berlin,DEU,52.523402,13.398694,Starbucks,52.52329,13.40217,Berlin-Tegel Airport,52.5588327,13.2884374,Kinderinsel MITTEndrin,52.52182999999999,13.40174,Discothek Club XO-Berlin Inh. Lothar Fasen,52.5238254,13.4010695,Quy Nguyen,52.5237595,13.400492
40,Vringo,New York,USA,40.7550005,-73.9717364,Starbucks,40.75416999999999,-73.971732,John F. Kennedy International Airport,40.6413111,-73.77813909999999,Bright Horizons at E46th St,40.7538188,-73.9732642,#vicqueirozrecebe,40.7535354,-73.9715708,Hokey Poké,40.7553179,-73.970719
41,Zmags,Copenhagen,DNK,55.6839208,12.571492,Starbucks,55.6837993,12.5707606,Copenhagen Airport,55.6180236,12.6507628,Røde Ko i Centrum,55.680893,12.5763017,A R C H,55.68158210000001,12.5710349,Souls,55.6851802,12.5682149
42,WEbook,New York,USA,38.984172,-77.095965,Starbucks,38.9843169,-77.0945739,Ronald Reagan Washington National Airport,38.851242,-77.04023149999999,Wonders At Edgemoor Children,38.985416,-77.096021,Cesco Osteria & Co2 Lounge,38.9836717,-77.0958924,&pizza,38.985823,-77.09631089999999
43,BeliefNet,New York,USA,40.740231,-73.985433,Starbucks,40.74054,-73.98422099999999,John F. Kennedy International Airport,40.6413111,-73.77813909999999,Patricia Carbine Children Center,40.7430573,-73.98617,Wild Child,40.73988689999999,-73.98494,Kailash Parbat,40.7420625,-73.982706
44,HubPages,San Francisco,USA,37.7876952,-122.3991505,Starbucks,37.788673,-122.400874,San Francisco International Airport,37.6213129,-122.3789554,American Child Care Services,37.78939560000001,-122.3997317,Temple Nightclub San Francisco,37.787956,-122.3972472,sweetgreen,37.7872625,-122.3986346
45,Ribbit,Mountain View,USA,37.386665,-122.084171,Starbucks,37.387571,-122.083068,Norman Y. Mineta San Jose International Airport,37.3639472,-121.9289375,Safari Kid - Mountain View,37.3867586,-122.0850181,Mountain view Masonic lodge,37.389414,-122.0841778,Amici's East Coast Pizzeria,37.3873831,-122.0833853
46,WeShow,New York,USA,40.752516,-73.973072,Starbucks,40.751558,-73.97361699999999,John F. Kennedy International Airport,40.6413111,-73.77813909999999,Bright Horizons at E46th St,40.7538188,-73.9732642,#vicqueirozrecebe,40.7535354,-73.9715708,Chef's Secret,40.7532738,-73.9740893
47,PlayFirst,San Francisco,USA,37.790346,-122.40185,Starbucks,37.7896675,-122.4019931,San Francisco International Airport,37.6213129,-122.3789554,Bright Horizons,37.7921109,-122.4039273,Steve Hevel,37.7915692,-122.4036761,The Plant Cafe Organic,37.79168980000001,-122.4023125
48,Qik,Redwood City,USA,37.486368,-122.230116,Starbucks Reserve,37.486332,-122.229944,San Francisco International Airport,37.6213129,-122.3789554,Footsteps Child Care Inc,37.4852151,-122.226868,The Hub RWC,37.4863545,-122.2344049,Broadway Masala,37.4862527,-122.2308495
49,Bunchball,Redwood City,USA,37.3208403,-121.9479223,Starbucks,37.320964,-121.949113,Norman Y. Mineta San Jose International Airport,37.3639472,-121.9289375,KidsPark,37.3231786,-121.9447055,Sino,37.3200443,-121.9482996,Veggie Grill,37.3210366,-121.9490348
50,Outspark,San Francisco,USA,37.775196,-122.419204,Starbucks,37.7770595,-122.417347,San Francisco International Airport,37.6213129,-122.3789554,Marin Day Schools Market Street,37.7772044,-122.4173489,"THEX RELIGIOÚZ ROMEX, ITALIAX!",37.7749295,-122.4194155,Ananda Fuara,37.7778739,-122.4162916
51,Roost,San Francisco,USA,37.7891288,-122.4020276,Starbucks,37.7884614,-122.4034092,San Francisco International Airport,37.6213129,-122.3789554,American Child Care Services,37.78939560000001,-122.3997317,Harlot,37.7885694,-122.3981969,The Dosa Brothers: Montgomery Street,37.7889981,-122.4018906
52,Zynga,San Francisco,USA,37.765158,-122.404234,Starbucks,37.7658845,-122.4034908,San Francisco International Airport,37.6213129,-122.3789554,Bright Horizons at Kansas Street,37.7666032,-122.403834,The Great Northern,37.76753009999999,-122.4065656,Next Level Burger San Francisco,37.7646436,-122.4028183
53,Sharetivity,Palo Alto,USA,37.550954,-122.315396,Starbucks,37.552243,-122.31386,San Francisco International Airport,37.6213129,-122.3789554,Bay Tree Learning,37.5488706,-122.3173778,Roberto Lee Shipping,37.55031,-122.3139879,All Spice,37.55286410000001,-122.315668
54,VisualCV,Reston,USA,38.9530391,-77.3479238,Starbucks,38.95201,-77.347456,Dulles International Airport,38.9531162,-77.45653879999999,Childtime of Reston,38.9513153,-77.3466147,Chabad-Lubavitch of Reston and Herndon,38.9515131,-77.348939,Zoës Kitchen,38.9528053,-77.3494041
55,stickK,New York,USA,40.744837,-73.983843,Starbucks,40.744169,-73.983712,John F. Kennedy International Airport,40.6413111,-73.77813909999999,Patricia Carbine Children Center,40.7430573,-73.98617,Labyrinth,40.7424026,-73.98480400000001,Hangawi,40.7466013,-73.98476169999999
56,Social Gaming Network,Los Angeles,USA,37.446823,-122.161523,Starbucks,37.446791,-122.160561,San Francisco International Airport,37.6213129,-122.3789554,Downtown Children's Center,37.4468532,-122.1593046,The Patio,37.4451653,-122.1639246,Garden Fresh Chinese Vegan Cuisine,37.4455837,-122.162883
57,doubleTwist,San Francisco,USA,37.775196,-122.419204,Starbucks,37.7770595,-122.417347,San Francisco International Airport,37.6213129,-122.3789554,Marin Day Schools Market Street,37.7772044,-122.4173489,"THEX RELIGIOÚZ ROMEX, ITALIAX!",37.7749295,-122.4194155,Ananda Fuara,37.7778739,-122.4162916
58,Inform Technologies,New York,USA,40.744639,-73.983963,Starbucks,40.744169,-73.983712,John F. Kennedy International Airport,40.6413111,-73.77813909999999,Patricia Carbine Children Center,40.7430573,-73.98617,Labyrinth,40.7424026,-73.98480400000001,Hangawi,40.7466013,-73.98476169999999
59,SendMe,San Francisco,USA,37.787126,-122.39783,Starbucks,37.784833,-122.39996,San Francisco International Airport,37.6213129,-122.3789554,Bright Horizons at 2nd Street,37.7848078,-122.3948994,Temple Nightclub San Francisco,37.787956,-122.3972472,sweetgreen,37.7872625,-122.3986346
60,Blog Talk Radio,New York,USA,40.757929,-73.985506,Starbucks,40.75766,-73.98508,John F. Kennedy International Airport,40.6413111,-73.77813909999999,Child's Turn,40.7571537,-73.9865311,Paradise Club,40.759255,-73.984134,Green Symphony,40.7576912,-73.9885419
61,Outbrain,New York,USA,40.757929,-73.985506,Starbucks,40.75766,-73.98508,John F. Kennedy International Airport,40.6413111,-73.77813909999999,Child's Turn,40.7571537,-73.9865311,Paradise Club,40.759255,-73.984134,Green Symphony,40.7576912,-73.9885419
62,Generate,New York,USA,40.7570972,-73.969821,Starbucks,40.75743,-73.969128,John F. Kennedy International Airport,40.6413111,-73.77813909999999,Bright Horizons at Lexington,40.7572872,-73.9712797,Night Encounters New York,40.7578105,-73.97082189999999,Juice Press,40.7563319,-73.9706569
63,Tripology,New York,USA,40.746883,-73.983969,Starbucks,40.74850250000001,-73.9851667,John F. Kennedy International Airport,40.6413111,-73.77813909999999,Manhattan Nursery School,40.7477712,-73.9874152,Salsamania Saturdays,40.7488786,-73.98634310000001,Hangawi,40.7466013,-73.98476169999999
64,Giant Realm,New York,USA,40.7566658,-73.9827553,Starbucks,40.75559,-73.984106,John F. Kennedy International Airport,40.6413111,-73.77813909999999,Child's Turn,40.7571537,-73.9865311,Premiere Lounge,40.756903,-73.984376,Juice Press,40.7546722,-73.9854386
65,Next New Networks,New York,USA,40.743808,-73.983626,Starbucks,40.744169,-73.983712,John F. Kennedy International Airport,40.6413111,-73.77813909999999,Patricia Carbine Children Center,40.7430573,-73.98617,Labyrinth,40.7424026,-73.98480400000001,Chennai Garden by Tiffin Wallah,40.742965,-73.9827576
66,Elastra,San Francisco,USA,37.791137,-122.391843,Starbucks,37.791311,-122.392268,San Francisco International Airport,37.6213129,-122.3789554,Bright Horizons at 221 Main,37.79034,-122.392263,Xcetra Nightclub,37.7890183,-122.3915063,Mixt,37.79292350000001,-122.393926
67,Netbooks,San Francisco,USA,37.79471,-122.40195,Starbucks,37.794632,-122.402728,San Francisco International Airport,37.6213129,-122.3789554,Bright Horizons,37.7921109,-122.4039273,HUE,37.797948,-122.4047847,Enjoy Vegetarian,37.7958182,-122.4052477
68,7digital,London,GBR,51.5254,-0.083726,Starbucks Coffee,51.5262525,-0.08800519999999999,London City Airport,51.5048437,0.049518,Broadgate Nursery,51.522598,-0.08094029999999999,XOYO,51.5254786,-0.08576249999999999,Redemption Bar Shoreditch,51.5265887,-0.08200969999999999
69,Business Insider,New York,USA,40.73906,-73.990911,Starbucks,40.740442,-73.99122799999999,John F. Kennedy International Airport,40.6413111,-73.77813909999999,Baruch College Early Learning Center,40.7373387,-73.9874529,Howabouttheese,40.740083,-73.9903489,abcV,40.7379803,-73.98928409999999
70,Zemanta,New York,USA,40.7387945,-73.9939213,Starbucks,40.737046,-73.996526,John F. Kennedy International Airport,40.6413111,-73.77813909999999,Metrokids Preschool- Chelsea,40.7394466,-73.9950692,Content Cube,40.73962849999999,-73.99407200000002,XYST,40.7386729,-73.9944924
71,eYeka,Paris,FRA,48.856667,2.350987,Starbucks,48.8568201,2.3548934,Paris-Charles De Gaulle,49.0096906,2.5479245,Day Care Municipal - Lobau,48.8560309,2.3529509,Le Klub,48.859106,2.3479023,Wild & The Moon @ Lafayette Anticipations,48.8591834,2.354776
72,Cellufun,New York,USA,40.73993,-73.9930489,Starbucks,40.740442,-73.99122799999999,John F. Kennedy International Airport,40.6413111,-73.77813909999999,Metrokids Preschool- Chelsea,40.7394466,-73.9950692,Latin Mondays at Taj,40.7410042,-73.992897,XYST,40.7386729,-73.9944924
73,Austhink Software,"Melbourne, Victoria",AUS,-37.813603,144.96616,Starbucks,-37.8135097,144.9663717,Melbourne Airport,-37.6690123,144.8410273,Only About Children Melbourne Central,-37.8108759,144.9627764,Radar Bar & Nightclub,-37.81224419999999,144.9647994,Gopals Pure Vegetarian,-37.8144077,144.9657624
74,Cotendo,Sunnyvale,USA,37.504764,-122.259568,Starbucks,37.506495,-122.260987,San Francisco International Airport,37.6213129,-122.3789554,Happy Campers Preschool,37.507557,-122.2627364,Town,37.5048829,-122.2594264,Patxi's Pizza,37.5055257,-122.25977
75,Cellfish,New York,USA,40.761855,-73.983754,Starbucks,40.762426,-73.98362999999999,John F. Kennedy International Airport,40.6413111,-73.77813909999999,Star America Preschool,40.7607112,-73.9870432,Mango Nightclub Times Square,40.7600569,-73.98717649999999,P.S. Kitchen,40.760662,-73.986627
76,Mojiva,New York,USA,40.7185614,-73.998662,Starbucks,40.718252,-73.999961,John F. Kennedy International Airport,40.6413111,-73.77813909999999,Chung Pak Day Care Center,40.717311,-73.9999441,GoldBar,40.72037479999999,-73.99711769999999,Bodhi Kosher Vegetarian Restaurant,40.7163863,-73.9992785
77,GitHub,San Francisco,USA,37.775196,-122.419204,Starbucks,37.7770595,-122.417347,San Francisco International Airport,37.6213129,-122.3789554,Marin Day Schools Market Street,37.7772044,-122.4173489,"THEX RELIGIOÚZ ROMEX, ITALIAX!",37.7749295,-122.4194155,Ananda Fuara,37.7778739,-122.4162916
78,Mirror42,Amsterdam,NLD,52.36702,4.896468,STARBUCKS The Bank Rembrandtplein,52.3659541,4.8977405,Amsterdam Airport Schiphol,52.3105386,4.7682744,Klein & Co Keizersgracht,52.3640541,4.8976732,Escape,52.3664279,4.8963486,Maoz Vegetarian,52.366985,4.8937772
79,InMobi,Singapore,SGP,1.284082,103.851942,Starbucks,1.2842759,103.8520723,Singapore Changi Airport,1.3644202,103.9915308,Learning Vision @ Raffles Place,1.2812965,103.8494551,Singapore Pub Crawl,1.285669,103.8508435,Komala's,1.2841089,103.852015
80,TeachStreet,Seattle,USA,47.6171788,-122.3370801,Starbucks,47.615675,-122.336894,Seattle-Tacoma International Airport,47.4502499,-122.3088165,Seattle KinderCare,47.614766,-122.3353167,The SnackBoxx,47.6160267,-122.3357138,Anar,47.6150919,-122.3385859
81,Serious Business,San Francisco,USA,37.7893215,-122.4013624,Starbucks,37.788673,-122.400874,San Francisco International Airport,37.6213129,-122.3789554,American Child Care Services,37.78939560000001,-122.3997317,Temple Nightclub San Francisco,37.787956,-122.3972472,The Dosa Brothers: Montgomery Street,37.7889981,-122.4018906
82,Yoono,San Francisco,USA,37.787204,-122.397884,Starbucks,37.789545,-122.397592,San Francisco International Airport,37.6213129,-122.3789554,Bright Horizons at 2nd Street,37.7848078,-122.3948994,Temple Nightclub San Francisco,37.787956,-122.3972472,sweetgreen,37.7872625,-122.3986346
83,OVGuide,Los Angeles,USA,34.052187,-118.243425,Starbucks,34.050984,-118.242338,Los Angeles International Airport,33.9415889,-118.40853,Joy Picus Child Development Center,34.0522706,-118.2425831,my house,34.0522342,-118.2436849,California Pita,34.0534439,-118.2412663
84,EatLime,San Francisco,USA,37.7749295,-122.4194155,Starbucks,37.7770595,-122.417347,San Francisco International Airport,37.6213129,-122.3789554,Marin Day Schools Market Street,37.7772044,-122.4173489,"THEX RELIGIOÚZ ROMEX, ITALIAX!",37.7749295,-122.4194155,Nightbird,37.77651729999999,-122.4227968
85,Stitcher,San Francisco,USA,37.775196,-122.419204,Starbucks,37.7770595,-122.417347,San Francisco International Airport,37.6213129,-122.3789554,Marin Day Schools Market Street,37.7772044,-122.4173489,"THEX RELIGIOÚZ ROMEX, ITALIAX!",37.7749295,-122.4194155,Ananda Fuara,37.7778739,-122.4162916
86,TerraPass,San Francisco,USA,37.787445,-122.397847,Starbucks,37.789545,-122.397592,San Francisco International Airport,37.6213129,-122.3789554,Bright Horizons at 2nd Street,37.7848078,-122.3948994,Temple Nightclub San Francisco,37.787956,-122.3972472,sweetgreen,37.7872625,-122.3986346
87,Fliqz,Emeryville,USA,37.848641,-122.289498,Starbucks,37.846608,-122.291652,Oakland International Airport,37.7125689,-122.2197428,Clif Base Camp,37.847296,-122.29202,Fratellanza Club Inc,37.8492038,-122.2867838,Yuzu Ramen & Broffee,37.8470928,-122.2906142
88,Votigo,Boulder,USA,37.8919079,-122.1192743,Starbucks,37.891698,-122.120063,Oakland International Airport,37.7125689,-122.2197428,C.A.T.S.,37.8896997,-122.1165616,Tutu's Food and Drink,37.8906734,-122.1199834,Roam Artisan Burgers,37.8914601,-122.1199837
89,PurePlay,San Francisco,USA,37.775196,-122.419204,Starbucks,37.7770595,-122.417347,San Francisco International Airport,37.6213129,-122.3789554,Marin Day Schools Market Street,37.7772044,-122.4173489,"THEX RELIGIOÚZ ROMEX, ITALIAX!",37.7749295,-122.4194155,Ananda Fuara,37.7778739,-122.4162916
90,Crowd Science,Toronto,CAN,43.712309,-79.399538,Starbucks,43.711013,-79.3990309,Toronto Pearson International Airport,43.67771760000001,-79.6248197,Upper Yonge Village Daycare Centre (UYVDC),43.713077,-79.4002963,ALLEYCATZ RESTAURANT JAZZ BAR,43.7103811,-79.39851000000002,Green Papaya,43.7101616,-79.3988084
91,BumpTop,Toronto,CAN,43.648786,-79.3777473,Starbucks,43.64928219999999,-79.3782595,Toronto Pearson International Airport,43.67771760000001,-79.6248197,Kids & Company,43.650027,-79.378491,Club120,43.65212,-79.3755719,Fresh on Front,43.6477534,-79.3742742
92,CohesiveFT,Chicago,USA,41.882401,-87.637816,Starbucks,41.88089100000001,-87.638897,Chicago Midway International Airport,41.78677589999999,-87.7521884,Sesame Street Parents,41.88248249999999,-87.6375316,Palyaudvar,41.8823072,-87.6403847,Vegan Now,41.8840768,-87.6408517
93,Tapulous,Palo Alto,USA,37.444332,-122.161018,Starbucks,37.446791,-122.160561,San Francisco International Airport,37.6213129,-122.3789554,Downtown Palo Alto KinderCare,37.4420759,-122.1575523,The Patio,37.4451653,-122.1639246,Reposado,37.4441504,-122.1609435
94,HealthiNation,New York,USA,40.739341,-73.988357,Starbucks,40.740194,-73.986767,John F. Kennedy International Airport,40.6413111,-73.77813909999999,Baruch College Early Learning Center,40.7373387,-73.9874529,Howabouttheese,40.740083,-73.9903489,abcV,40.7379803,-73.98928409999999
95,Boxee,New York,USA,40.745064,-73.992637,Starbucks,40.74525,-73.99086799999999,John F. Kennedy International Airport,40.6413111,-73.77813909999999,Ivy Prep Early Learning Academy,40.7450001,-73.9909175,Fabio Crothers Exotic Dancers,40.7447842,-73.991721,Bombay Sandwich Co.,40.7449584,-73.99039119999999
96,Keibi Technologies,San Francisco,USA,37.787646,-122.402759,Starbucks,37.7884614,-122.4034092,San Francisco International Airport,37.6213129,-122.3789554,American Child Care Services,37.78939560000001,-122.3997317,Hawthorn,37.787992,-122.404294,The Dosa Brothers: Montgomery Street,37.7889981,-122.4018906
97,BountyJobs,New York,USA,40.754211,-73.97917,Starbucks,40.753901,-73.97869299999999,John F. Kennedy International Airport,40.6413111,-73.77813909999999,Bright Horizons,40.7535254,-73.9765707,Bigger & Better Thangs Ent,40.7510922,-73.9835867,Two Tablespoons,40.7545228,-73.9766829
98,FlyCast,Lancaster,USA,40.039353,-76.307448,Starbucks,40.03996739999999,-76.305441,Lancaster Airport,40.1188413,-76.2993031,"Li'l World Of Angels Daycare Center,LLC",40.0370175,-76.3101861,Rick's Place,40.0376596,-76.3074927,Issei Noodle (Downtown Lancaster),40.0390363,-76.3060447
99,My Damn Channel,New York,USA,40.754762,-73.988543,Starbucks,40.754361,-73.987257,John F. Kennedy International Airport,40.6413111,-73.77813909999999,Child's Turn,40.7571537,-73.9865311,Ronald McDonald's Funtime Playhouse,40.753491,-73.9893805,Beyond Sushi,40.7524772,-73.9884826
100,Posterous,San Francisco,USA,37.775196,-122.419204,Starbucks,37.7770595,-122.417347,San Francisco International Airport,37.6213129,-122.3789554,Marin Day Schools Market Street,37.7772044,-122.4173489,"THEX RELIGIOÚZ ROMEX, ITALIAX!",37.7749295,-122.4194155,Ananda Fuara,37.7778739,-122.4162916
101,Genbook,San Francisco,USA,37.789902,-122.4007791,Starbucks,37.7896675,-122.4019931,San Francisco International Airport,37.6213129,-122.3789554,American Child Care Services,37.78939560000001,-122.3997317,Temple Nightclub San Francisco,37.787956,-122.3972472,The Plant Cafe Organic,37.79168980000001,-122.4023125
102,Involver,San Francisco,USA,37.788653,-122.401333,Starbucks,37.788673,-122.400874,San Francisco International Airport,37.6213129,-122.3789554,American Child Care Services,37.78939560000001,-122.3997317,Temple Nightclub San Francisco,37.787956,-122.3972472,The Dosa Brothers: Montgomery Street,37.7889981,-122.4018906
103,Blue Lava Technologies,Honolulu,USA,21.309419,-157.86318,Starbucks,21.3081809,-157.8622324,Daniel K. Inouye International Airport,21.3245132,-157.9250736,Little Seed Early Learning Center,21.3100905,-157.860253,NextDoor,21.3115136,-157.8625708,Water Drop Vegetarian House,21.3068452,-157.8619874
104,Streetline,San Francisco,USA,37.782085,-122.409747,Starbucks,37.7841086,-122.4076337,San Francisco International Airport,37.6213129,-122.3789554,Kids by the Bay - Civic Center,37.77938520000001,-122.4119508,Monarch,37.7809871,-122.4084623,The Flying Falafel,37.781266,-122.4112304
105,Zendesk,San Francisco,USA,55.676294,12.568116,Starbucks,55.6767348,12.5689913,Copenhagen Airport,55.6180236,12.6507628,Ditte's private day care,55.6760968,12.5683372,Gay bar,55.67728890000001,12.5671868,Urten,55.6786219,12.5693018
106,muzu tv,New York,USA,40.757716,-73.972321,Starbucks,40.756836,-73.97283,John F. Kennedy International Airport,40.6413111,-73.77813909999999,Bright Horizons at Lexington,40.7572872,-73.9712797,Mike’s Harem,40.759151,-73.971045,Spice Symphony,40.75586879999999,-73.9715473
107,Lexy,San Francisco,USA,37.786906,-122.397672,Starbucks,37.784833,-122.39996,San Francisco International Airport,37.6213129,-122.3789554,Bright Horizons at 2nd Street,37.7848078,-122.3948994,Temple Nightclub San Francisco,37.787956,-122.3972472,sweetgreen,37.7872625,-122.3986346
108,CarbonFlow,Sydney,AUS,-33.867139,151.207114,Starbucks,-33.8652185,151.2054493,Sydney Airport,-33.9399228,151.1752764,Kids Club Child Care Clarence Centre,-33.8660423,151.2046213,Changeroom,-33.8663282,151.2075866,Peace Harmony,-33.8688699,151.2040253
109,Huddler,San Francisco,USA,37.7893215,-122.4013624,Starbucks,37.788673,-122.400874,San Francisco International Airport,37.6213129,-122.3789554,American Child Care Services,37.78939560000001,-122.3997317,Temple Nightclub San Francisco,37.787956,-122.3972472,The Dosa Brothers: Montgomery Street,37.7889981,-122.4018906
110,Prezi,Budapest,HUN,47.490346,19.059078,Starbucks Egyetem tér,47.490961,19.059113,Budapest Airport,47.4384587,19.2522958,Eötvös Loránd University,47.4905698,19.0585445,DTSRC - Despacito Tea Sisters Roblox Club,47.4910715,19.057252,Vega City,47.491812,19.0609631
111,Zorap,San Francisco,USA,37.775196,-122.419204,Starbucks,37.7770595,-122.417347,San Francisco International Airport,37.6213129,-122.3789554,Marin Day Schools Market Street,37.7772044,-122.4173489,"THEX RELIGIOÚZ ROMEX, ITALIAX!",37.7749295,-122.4194155,Ananda Fuara,37.7778739,-122.4162916
112,Hunch,New York,USA,40.741179,-73.993182,Starbucks,40.741873,-73.993326,John F. Kennedy International Airport,40.6413111,-73.77813909999999,Metrokids Preschool- Chelsea,40.7394466,-73.9950692,Doux,40.7415441,-73.9932293,by CHLOE.,40.7419722,-73.9929188
113,ELDR Media,Corte Madera,USA,37.9260091,-122.5162892,Starbucks,37.927706,-122.517131,San Rafael Airport,38.017187,-122.5215482,Cuddletime Day Care,37.928061,-122.519164,Pacific Catch,37.92857410000001,-122.5176399,Veggie Grill,37.9272968,-122.5177902
114,Occipital,Boulder,USA,40.018145,-105.278109,Starbucks,40.018733,-105.276647,Rocky Mountain Metropolitan Airport,39.90963780000001,-105.108089,Children's Alley,40.021276,-105.278092,Babeville,40.0208813,-105.2749661,Falafel King Restaurant,40.0181197,-105.278211
115,Atigeo,Bellevue,USA,47.6174533,-122.2016685,Starbucks,47.6170443,-122.2021678,Seattle-Tacoma International Airport,47.4502499,-122.3088165,Bright Horizons at Bellevue,47.6144859,-122.2000619,SUITE Restaurant / Lounge,47.617814,-122.200444,Moksha Indian Cuisine of Bellevue,47.6166265,-122.2019706
116,Lyft,San Francisco,USA,37.7899027,-122.4007846,Starbucks,37.7896675,-122.4019931,San Francisco International Airport,37.6213129,-122.3789554,American Child Care Services,37.78939560000001,-122.3997317,Temple Nightclub San Francisco,37.787956,-122.3972472,The Plant Cafe Organic,37.79168980000001,-122.4023125
117,Jumptap,New York,USA,40.751478,-73.980305,Starbucks,40.7520837,-73.9811661,John F. Kennedy International Airport,40.6413111,-73.77813909999999,Park Avenue KinderCare,40.7504994,-73.97941,Bigger & Better Thangs Ent,40.7510922,-73.9835867,Stone Bridge Pizza & Salad,40.7522841,-73.98065729999999
118,Lolapps,San Francisco,USA,37.7870923,-122.3999719,Starbucks,37.787764,-122.401087,San Francisco International Airport,37.6213129,-122.3789554,American Child Care Services,37.78939560000001,-122.3997317,Harlot,37.7885694,-122.3981969,The Dosa Brothers: Montgomery Street,37.7889981,-122.4018906
119,Hangout Industries,Boston,USA,42.352835,-71.0609612,Starbucks,42.3532457,-71.057698,Boston Logan International Airport,42.3656132,-71.0095602,Child Care Choices of Boston,42.35305049999999,-71.061089,Bijou Nightclub,42.3511995,-71.0641984,My Thai Vegan Cafe,42.35144469999999,-71.0627071
120,ELDR Media,Corte Madera,USA,37.9260091,-122.5162892,Starbucks,37.927706,-122.517131,San Rafael Airport,38.017187,-122.5215482,Cuddletime Day Care,37.928061,-122.519164,Pacific Catch,37.92857410000001,-122.5176399,Veggie Grill,37.9272968,-122.5177902
121,Occipital,Boulder,USA,40.018145,-105.278109,Starbucks,40.018733,-105.276647,Rocky Mountain Metropolitan Airport,39.90963780000001,-105.108089,Children's Alley,40.021276,-105.278092,Babeville,40.0208813,-105.2749661,Falafel King Restaurant,40.0181197,-105.278211
122,Atigeo,Bellevue,USA,47.6174533,-122.2016685,Starbucks,47.6170443,-122.2021678,Seattle-Tacoma International Airport,47.4502499,-122.3088165,Bright Horizons at Bellevue,47.6144859,-122.2000619,SUITE Restaurant / Lounge,47.617814,-122.200444,Moksha Indian Cuisine of Bellevue,47.6166265,-122.2019706
123,Lyft,San Francisco,USA,37.7899027,-122.4007846,Starbucks,37.7896675,-122.4019931,San Francisco International Airport,37.6213129,-122.3789554,American Child Care Services,37.78939560000001,-122.3997317,Temple Nightclub San Francisco,37.787956,-122.3972472,The Plant Cafe Organic,37.79168980000001,-122.4023125
124,Jumptap,New York,USA,40.751478,-73.980305,Starbucks,40.7520837,-73.9811661,John F. Kennedy International Airport,40.6413111,-73.77813909999999,Park Avenue KinderCare,40.7504994,-73.97941,Bigger & Better Thangs Ent,40.7510922,-73.9835867,Stone Bridge Pizza & Salad,40.7522841,-73.98065729999999
125,Lolapps,San Francisco,USA,37.7870923,-122.3999719,Starbucks,37.787764,-122.401087,San Francisco International Airport,37.6213129,-122.3789554,American Child Care Services,37.78939560000001,-122.3997317,Harlot,37.7885694,-122.3981969,The Dosa Brothers: Montgomery Street,37.7889981,-122.4018906
126,Hangout Industries,Boston,USA,42.352835,-71.0609612,Starbucks,42.3532457,-71.057698,Boston Logan International Airport,42.3656132,-71.0095602,Child Care Choices of Boston,42.35305049999999,-71.061089,Bijou Nightclub,42.3511995,-71.0641984,My Thai Vegan Cafe,42.35144469999999,-71.0627071
127,LiveHive Systems,Waterloo,CAN,43.474686,-80.521246,Starbucks,43.4763516,-80.5253082,Region of Waterloo International Airport,43.4557903,-80.3858475,Emmanuel at Brighton Child Care,43.4716121,-80.520299,Phil's Grandson's Place,43.475238,-80.524389,Raintree Cafe,43.4752432,-80.5241799
128,PicApp,San Francisco,USA,37.79402,-122.4031242,Starbucks,37.792846,-122.404304,San Francisco International Airport,37.6213129,-122.3789554,Bright Horizons,37.7921109,-122.4039273,Club Blend,37.7919436,-122.4045169,Enjoy Vegetarian,37.7958182,-122.4052477
129,Finsphere,Bellevue,USA,47.614761,-122.198904,Starbucks,47.6142511,-122.1991481,Seattle-Tacoma International Airport,47.4502499,-122.3088165,Bright Horizons at Bellevue,47.6144859,-122.2000619,Cypress Lounge & Wine Bar,47.6158582,-122.2003595,Moksha Indian Cuisine of Bellevue,47.6166265,-122.2019706
130,Smule,San Francisco,USA,37.779624,-122.391236,Starbucks,37.777035,-122.393641,San Francisco International Airport,37.6213129,-122.3789554,Wonderful Children Day Care,37.7822907,-122.3888066,LL World HQ,37.7824195,-122.3951131,SAJJ Mediterranean SoMa,37.781306,-122.391719
131,One Season,San Francisco,USA,37.775196,-122.419204,Starbucks,37.7770595,-122.417347,San Francisco International Airport,37.6213129,-122.3789554,Marin Day Schools Market Street,37.7772044,-122.4173489,"THEX RELIGIOÚZ ROMEX, ITALIAX!",37.7749295,-122.4194155,Ananda Fuara,37.7778739,-122.4162916
132,Nexenta Systems,Santa Clara,USA,37.444098,-122.161287,Starbucks,37.446791,-122.160561,San Francisco International Airport,37.6213129,-122.3789554,Downtown Palo Alto KinderCare,37.4420759,-122.1575523,The Patio,37.4451653,-122.1639246,Reposado,37.4441504,-122.1609435
133,For Your Imagination,New York,USA,40.744594,-73.989698,Starbucks,40.743839,-73.988846,John F. Kennedy International Airport,40.6413111,-73.77813909999999,Ivy Prep Early Learning Academy,40.7450001,-73.9909175,Baile de Melao,40.744573,-73.9904086,Bombay Sandwich Co.,40.7449584,-73.99039119999999
134,ReverbNation,New York,USA,40.718888,-74.001169,Starbucks,40.718252,-73.999961,John F. Kennedy International Airport,40.6413111,-73.77813909999999,Chung Pak Day Care Center,40.717311,-73.9999441,"The Firehouse, Engine 31 Building",40.7173388,-74.0012296,Le Botaniste,40.7204931,-74.0002294
135,Pumant,Birmingham,GBR,52.482932,-1.893621,Starbucks,52.48035530000001,-1.8970158,Birmingham Airport,52.45238209999999,-1.7435071,Early Years & Family Support,52.4856342,-1.8927276,Carolyn Rowe - Shirley Bassey Tribute,52.4819441,-1.8990399,3 Three's Coffee Lounge (Birmingham Coffee Shop),52.4802706,-1.8953756
136,DocVerse,San Francisco,USA,37.788115,-122.397141,Starbucks,37.789545,-122.397592,San Francisco International Airport,37.6213129,-122.3789554,Marin Day Schools Fremont Street,37.7895058,-122.3950689,Temple Nightclub San Francisco,37.787956,-122.3972472,sweetgreen,37.7872625,-122.3986346
137,Yipit,New York,USA,40.744618,-73.987764,Starbucks,40.7449904,-73.9868247,John F. Kennedy International Airport,40.6413111,-73.77813909999999,Ivy Prep Early Learning Academy,40.7450001,-73.9909175,That Night Entertainment,40.7439233,-73.9881681,Bombay Sandwich Co.,40.7449584,-73.99039119999999
138,Open-Xchange,Olpe,DEU,51.029415,7.850863,Kaufland Olpe,51.0289112,7.850842900000001,Plettenberg-Hüinghausen Airport,51.191975,7.7907261,KiG Kinder im Ganztag gGmbH,51.0269114,7.8476426,Stadthalle Olpe,51.0302023,7.8513316,BIG Burger House,51.03076,7.85263
139,TRX Systems,Greenbelt,USA,38.9916581,-76.879257,Starbucks,38.992202,-76.87811599999999,Ronald Reagan Washington National Airport,38.851242,-77.04023149999999,Greenway Learning Center,38.990134,-76.88000699999999,"April 16 - Martins Crosswinds Greenbelt, Md 20770",38.9899484,-76.8827235,Hunan Treasure Restaurant,38.992132,-76.8782434
140,Trustpilot,Copenhagen,DNK,55.6739617,12.5605372,Starbucks,55.6728822,12.5642771,Copenhagen Airport,55.6180236,12.6507628,Børnebyen Vandværket,55.6768216,12.5644139,Copenhagen stay,55.6722282,12.5626265,Veggie Heroes Vesterbro,55.6722939,12.5576107
141,Movirtu,London,GBR,51.5499708,-0.1815999,Starbucks,51.5477021,-0.1825006,Heathrow Airport,51.4700223,-0.4542955,Bright Horizons Active Learning JW3,51.5509348,-0.1846764,Suzi Massage,51.55161390000001,-0.1844703,Zizzi,51.5478347,-0.1813897
142,Momail,Stockholm,SWE,59.3359806,18.075506,Starbucks,59.3343654,18.0710073,Bromma Stockholm Airport,59.354812,17.9427217,Fröken Malms Barnvaktsbyrå AB,59.33593089999999,18.0735471,Sturecompagniet,59.3364025,18.0734748,Pepstop,59.3348382,18.0751146
143,Synthesio,New York,USA,40.7431836,-73.9935011,Starbucks,40.743592,-73.992076,John F. Kennedy International Airport,40.6413111,-73.77813909999999,Ivy Prep Early Learning Academy,40.7450001,-73.9909175,Doux,40.7415441,-73.9932293,by CHLOE.,40.7419722,-73.9929188
144,People Capital,New York,USA,40.756054,-73.986951,Starbucks,40.7567274,-73.9858802,John F. Kennedy International Airport,40.6413111,-73.77813909999999,Child's Turn,40.7571537,-73.9865311,Arena NYC,40.7548706,-73.98570889999999,Juice Press,40.7546722,-73.9854386
145,Viigo,Toronto,CAN,43.6490004,-79.3723339,Starbucks,43.6487479,-79.37251189999999,Billy Bishop Toronto City Airport,43.6284819,-79.3959577,Brant Street Daycare-Daf,43.6477446,-79.37041889999999,CC Lounge and Whisky Bar,43.647944,-79.374476,Fresh on Front,43.6477534,-79.3742742
146,Modelinia,New York,USA,40.739867,-73.990024,Starbucks,40.740442,-73.99122799999999,John F. Kennedy International Airport,40.6413111,-73.77813909999999,Baruch College Early Learning Center,40.7373387,-73.9874529,Howabouttheese,40.740083,-73.9903489,abcV,40.7379803,-73.98928409999999
147,Proclivity Systems,New York,USA,40.738954,-73.992,Starbucks,40.740442,-73.99122799999999,John F. Kennedy International Airport,40.6413111,-73.77813909999999,Metrokids Preschool- Chelsea,40.7394466,-73.9950692,Howabouttheese,40.740083,-73.9903489,abcV,40.7379803,-73.98928409999999
148,IMedExchange,Seattle,USA,47.6136485,-122.3371174,Starbucks,47.61386599999999,-122.336973,Seattle-Tacoma International Airport,47.4502499,-122.3088165,Seattle KinderCare,47.614766,-122.3353167,The SnackBoxx,47.6160267,-122.3357138,Cafe Yumm!,47.6126587,-122.3339547
149,BeliefNetworks,New York,USA,40.746944,-73.983926,Starbucks,40.74850250000001,-73.9851667,John F. Kennedy International Airport,40.6413111,-73.77813909999999,Manhattan Nursery School,40.7477712,-73.9874152,Salsamania Saturdays,40.7488786,-73.98634310000001,Hangawi,40.7466013,-73.98476169999999
150,Robotgalaxy,New York,USA,40.737216,-73.990947,Starbucks,40.73634699999999,-73.99107599999999,John F. Kennedy International Airport,40.6413111,-73.77813909999999,Metrokids Preschool- Chelsea,40.7394466,-73.9950692,Planetnight.com,40.7356853,-73.9892836,abcV,40.7379803,-73.98928409999999
151,Fuego Nation,San Francisco,USA,37.775196,-122.419204,Starbucks,37.7770595,-122.417347,San Francisco International Airport,37.6213129,-122.3789554,Marin Day Schools Market Street,37.7772044,-122.4173489,"THEX RELIGIOÚZ ROMEX, ITALIAX!",37.7749295,-122.4194155,Ananda Fuara,37.7778739,-122.4162916
152,Dragonfly,New York,USA,40.756054,-73.986951,Starbucks,40.7567274,-73.9858802,John F. Kennedy International Airport,40.6413111,-73.77813909999999,Child's Turn,40.7571537,-73.9865311,Arena NYC,40.7548706,-73.98570889999999,Juice Press,40.7546722,-73.9854386
153,5th Finger,San Francisco,USA,37.7900992,-122.4021988,Starbucks,37.7896675,-122.4019931,San Francisco International Airport,37.6213129,-122.3789554,Bright Horizons,37.7921109,-122.4039273,Steve Hevel,37.7915692,-122.4036761,The Plant Cafe Organic,37.79168980000001,-122.4023125
154,Nangate,New Delhi,IND,28.53536,77.2419522,Starbucks,28.5341408,77.2429429,Indira Gandhi International Airport,28.5561624,77.0999578,Footprints: Play School & Day Care Creche,28.536958,77.24212399999999,Headphones GK,28.5335161,77.2422069,Kiara Soul Kitchen,28.5331576,77.24151959999999
155,Heyzap,San Francisco,USA,37.7905538,-122.4041485,Starbucks,37.79067,-122.403891,San Francisco International Airport,37.6213129,-122.3789554,Bright Horizons,37.7921109,-122.4039273,Club Blend,37.7919436,-122.4045169,Baladie Gourmet Cafe,37.791349,-122.404405
156,Meez,San Francisco,USA,37.785271,-122.397582,Starbucks,37.784833,-122.39996,San Francisco International Airport,37.6213129,-122.3789554,Bright Horizons at 2nd Street,37.7848078,-122.3948994,Temple Nightclub San Francisco,37.787956,-122.3972472,sweetgreen,37.7872625,-122.3986346
157,Open Kernel Labs,Chicago,USA,41.878984,-87.637,Starbucks,41.878874,-87.63592899999999,Chicago Midway International Airport,41.78677589999999,-87.7521884,Bright Horizons Chicago West,41.8808419,-87.64076949999999,Palyaudvar,41.8823072,-87.6403847,Protein Bar & Kitchen,41.8790544,-87.6350571
158,Neuralitic Systems,Montreal,CAN,45.5044288,-73.5570651,Starbucks,45.5054333,-73.5582776,Montréal-Pierre Elliott Trudeau International Airport,45.46568509999999,-73.7454814,Centre de la PetiteEnfance Le Petit Palais,45.50689999999999,-73.5557917,La Voûte,45.5022567,-73.559135,Invitation V,45.5042192,-73.558335
159,Comixology,New York,USA,40.740512,-73.987794,Starbucks,40.740194,-73.986767,John F. Kennedy International Airport,40.6413111,-73.77813909999999,Patricia Carbine Children Center,40.7430573,-73.98617,Labyrinth,40.7424026,-73.98480400000001,abcV,40.7379803,-73.98928409999999
160,Vantrix,Montreal,CAN,45.4949481,-73.5740025,Starbucks,45.4966371,-73.5729952,Montréal-Pierre Elliott Trudeau International Airport,45.46568509999999,-73.7454814,CPE de Mon Coeur,45.4960804,-73.5730401,Jet Night Club,45.498098,-73.5778296,LOV,45.4973726,-73.5745699
161,Medio,Seattle,USA,47.611827,-122.331308,Starbucks Reserve Roastery,47.614039,-122.328079,Seattle-Tacoma International Airport,47.4502499,-122.3088165,Seattle KinderCare,47.614766,-122.3353167,The Baltic Room,47.6148987,-122.3283058,Cafe Yumm!,47.6126587,-122.3339547
162,Casabi,Paris,FRA,48.8722501,2.3283343,Starbucks Coffee,48.87024719999999,2.3273903,Paris-Charles De Gaulle,49.0096906,2.5479245,Municipal Nursery Store Opéra 17ème,48.87097869999999,2.3327199,Club 501,48.87522269999999,2.3259719,Yem'a Paris,48.8725889,2.3274051
163,Mashup Arts,Halifax,CAN,43.648786,-79.3777473,Starbucks,43.64928219999999,-79.3782595,Toronto Pearson International Airport,43.67771760000001,-79.6248197,Kids & Company,43.650027,-79.378491,Club120,43.65212,-79.3755719,Fresh on Front,43.6477534,-79.3742742
164,Tinychat,Glen Cove,USA,42.3756409,-72.5196907,Starbucks,42.376776,-72.51961899999999,Northampton Airport - 7B2,42.328042,-72.6127894,Spring Street Preschool,42.3751311,-72.5165407,Lit Amherst,42.37609579999999,-72.51936189999999,Bueno Y Sano,42.37599900000001,-72.51860599999999
165,YOUnite,Mountain View,USA,37.388077,-122.08316,Starbucks,37.387571,-122.083068,Norman Y. Mineta San Jose International Airport,37.3639472,-121.9289375,Safari Kid - Mountain View,37.3867586,-122.0850181,Mountain view Masonic lodge,37.389414,-122.0841778,Amici's East Coast Pizzeria,37.3873831,-122.0833853
166,L4 Mobile,Seattle,USA,47.676762,-122.2049192,Starbucks,47.675855,-122.206581,Boeing Field,47.5281657,-122.3018264,Butterfly daycare,47.6768927,-122.2059833,Central Club,47.6757442,-122.2055358,Café Happy,47.6756792,-122.2063633
167,Crispy Gamer,New York,USA,40.750597,-73.985273,Starbucks,40.751009,-73.987141,John F. Kennedy International Airport,40.6413111,-73.77813909999999,Manhattan Nursery School,40.7477712,-73.9874152,Bigger & Better Thangs Ent,40.7510922,-73.9835867,Jerusalem Cafe,40.7502231,-73.984303
168,Optify,Seattle,USA,47.603364,-122.333359,Starbucks,47.6041558,-122.3308269,Seattle-Tacoma International Airport,47.4502499,-122.3088165,Bright Horizons at Fourth and Madison,47.60547769999999,-122.3336027,Trinity,47.6015129,-122.3332959,Cafe Zum Zum,47.6046546,-122.3334554
169,iPharro Media,New York,USA,40.7438356,-73.9890149,Starbucks,40.743839,-73.988846,John F. Kennedy International Airport,40.6413111,-73.77813909999999,Ivy Prep Early Learning Academy,40.7450001,-73.9909175,Baile de Melao,40.744573,-73.9904086,Bombay Sandwich Co.,40.7449584,-73.99039119999999
170,SpaBooker,New York,USA,40.738567,-73.987199,Starbucks,40.738003,-73.988502,John F. Kennedy International Airport,40.6413111,-73.77813909999999,Baruch College Early Learning Center,40.7373387,-73.9874529,Wild Child,40.73988689999999,-73.98494,abcV,40.7379803,-73.98928409999999
171,Infobright,Toronto,CAN,43.6490631,-79.3749698,Starbucks,43.6487479,-79.37251189999999,Toronto Pearson International Airport,43.67771760000001,-79.6248197,Kids & Company,43.650027,-79.378491,CC Lounge and Whisky Bar,43.647944,-79.374476,Fresh on Front,43.6477534,-79.3742742
172,Transfer To,Palo Alto,USA,40.705255,-74.010983,Starbucks,40.705162,-74.01133,John F. Kennedy International Airport,40.6413111,-73.77813909999999,Bright Horizons at 20 Pine,40.7077576,-74.0097205,Private Angel,40.7060255,-74.01176439999999,Beyond Sushi,40.7064289,-74.00765679999999
173,GameChanger Media,New York,USA,40.7078343,-74.0136605,Starbucks,40.706806,-74.012968,John F. Kennedy International Airport,40.6413111,-73.77813909999999,Bright Horizons in 90 Washington on West Street,40.7080189,-74.0150054,Pendulum,40.7085949,-74.0135576,Sam's Falafel cart,40.7090845,-74.01155159999999
174,Z2Live,Seattle,USA,47.6103008,-122.3399782,Starbucks,47.6090095,-122.3399417,Seattle-Tacoma International Airport,47.4502499,-122.3088165,Pike Market Child Care & Preschool,47.6083435,-122.3416313,Joseph Boy toy,47.6084268,-122.3405616,Veggie Grill,47.6098817,-122.3366367
175,Musicmetric,London,GBR,51.5253765,-0.0856982,Starbucks Coffee,51.5262525,-0.08800519999999999,London City Airport,51.5048437,0.049518,Broadgate Nursery,51.522598,-0.08094029999999999,XOYO,51.5254786,-0.08576249999999999,Redemption Bar Shoreditch,51.5265887,-0.08200969999999999
176,Newser,Chicago,USA,41.879535,-87.624333,Starbucks,41.879435,-87.624625,Chicago Midway International Airport,41.78677589999999,-87.7521884,All Star Child Care/Free Child,41.87848510000001,-87.627893,Brando's Speakeasy,41.8772987,-87.6291232,IDOF - I Dream of Falafel,41.878359,-87.625614
177,Factery,Menlo Park,USA,37.4484914,-122.1802812,Starbucks,37.4509304,-122.178747,San Francisco International Airport,37.6213129,-122.3789554,Fio's home daycare,37.446726,-122.1766234,Menlo Park,37.4502027,-122.1840451,Rubio's Coastal Grill,37.449654,-122.178295
178,VKernel Corporation,Boston,USA,42.3497366,-71.0491901,Starbucks,42.3514618,-71.0504454,Boston Logan International Airport,42.3656132,-71.0095602,Yawkey Center For Children And Learning,42.3516218,-71.0499165,The Grand Boston,42.353134,-71.047437,sweetgreen,42.3501618,-71.0477234
179,Shareaholic,Boston,USA,42.3647559,-71.1032591,Starbucks,42.365628,-71.10375,Boston Logan International Airport,42.3656132,-71.0095602,Central Square Gan,42.3638539,-71.1033032,Middle East,42.3636722,-71.10150159999999,Veggie Galaxy,42.3636597,-71.1011111
180,First Coverage,Toronto,CAN,43.6878093,-79.3958388,Starbucks,43.68851189999999,-79.39393,Toronto Pearson International Airport,43.67771760000001,-79.6248197,Playworks Preschool,43.6866359,-79.3933552,Mad Hop's Place,43.6858519,-79.3929891,Mary Be Kitchen,43.6877145,-79.3950394
181,First Coverage,Boston,USA,42.356931,-71.053991,Starbucks,42.355905,-71.05275999999999,Boston Logan International Airport,42.3656132,-71.0095602,Bright Horizons,42.3560716,-71.0527295,Down Nightclub Boston,42.3566489,-71.0526247,sweetgreen,42.3559701,-71.0539553
182,Firm58,Chicago,USA,41.879641,-87.6425816,Starbucks,41.8794042,-87.6408727,Chicago Midway International Airport,41.78677589999999,-87.7521884,Bright Horizons Chicago West,41.8808419,-87.64076949999999,The Warehouse,41.8789966,-87.6428919,Haifa Cafe,41.8800531,-87.6409683
183,Firm58,New York,USA,40.766734,-73.988265,Starbucks,40.76915,-73.988233,John F. Kennedy International Airport,40.6413111,-73.77813909999999,Bright Horizons at Midtown West,40.7667755,-73.9874458,club undr,40.7659713,-73.9924053,Mi Nidito,40.767381,-73.98949259999999
184,Marketcetera,San Francisco,USA,37.788864,-122.4008487,Starbucks,37.788673,-122.400874,San Francisco International Airport,37.6213129,-122.3789554,American Child Care Services,37.78939560000001,-122.3997317,Temple Nightclub San Francisco,37.787956,-122.3972472,The Dosa Brothers: Montgomery Street,37.7889981,-122.4018906
185,Garlik,New York,USA,40.7615818,-73.970624,Starbucks,40.761316,-73.96903499999999,John F. Kennedy International Airport,40.6413111,-73.77813909999999,Octagon Worldwide Inc,40.763724,-73.97025719999999,Lavo Nightclub,40.7629192,-73.97143009999999,My Pie Pizzeria Romana,40.7607952,-73.96942020000002
186,Saavn,New York,USA,40.743877,-73.98618,Starbucks,40.7449904,-73.9868247,John F. Kennedy International Airport,40.6413111,-73.77813909999999,Patricia Carbine Children Center,40.7430573,-73.98617,Labyrinth,40.7424026,-73.98480400000001,Chennai Garden by Tiffin Wallah,40.742965,-73.9827576
187,My-Hammer,Berlin,DEU,52.5092312,13.3883606,Starbucks,52.5111048,13.3899791,Berlin-Tegel Airport,52.5588327,13.2884374,frühen Tagesbetreuung,52.51083449999999,13.3908256,Moskau GmbH,52.5092383,13.3880097,AVAN,52.509018,13.388447
188,The Resumator,Pittsburgh,USA,40.438423,-80.001933,Starbucks,40.440254,-80.002256,Allegheny County Airport,40.3523988,-79.92704619999999,YWCA-Child Care Information Serivces,40.4389465,-80.0012185,Metropolitan Club,40.4410856,-80.00287349999999,Pizzaiolo Primo,40.44029159999999,-80.00214849999999
189,OutSmart Power Systems,Natick,USA,42.2968126,-71.3876282,Starbucks,42.298067,-71.38710499999999,Norwood Memorial Airport,42.1919985,-71.17662179999999,"Next Generation Children's Centers, Natick",42.295231,-71.38641199999999,Cappetta Law Offices,42.296964,-71.383217,The Pantry,42.2981155,-71.38891869999999
190,GameGround,New York,USA,40.756054,-73.986951,Starbucks,40.7567274,-73.9858802,John F. Kennedy International Airport,40.6413111,-73.77813909999999,Child's Turn,40.7571537,-73.9865311,Arena NYC,40.7548706,-73.98570889999999,Juice Press,40.7546722,-73.9854386
191,Ykone,Paris,FRA,48.8566667,2.3509871,Starbucks,48.8568201,2.3548934,Paris-Charles De Gaulle,49.0096906,2.5479245,Day Care Municipal - Lobau,48.8560309,2.3529509,Le Klub,48.859106,2.3479023,Hôtel de Ville,48.857202,2.3510539
192,Moviepilot,Los Angeles,USA,34.0522342,-118.2436849,Starbucks,34.050984,-118.242338,Los Angeles International Airport,33.9415889,-118.40853,Joy Picus Child Development Center,34.0522706,-118.2425831,my house,34.0522342,-118.2436849,California Pita,34.0534439,-118.2412663
193,Layar,Amsterdam,NLD,52.3657578,4.8928722,STARBUCKS The Bank Rembrandtplein,52.3659541,4.8977405,Amsterdam Airport Schiphol,52.3105386,4.7682744,Klein & Co Keizersgracht,52.3640541,4.8976732,The Smallest Disco in the World,52.3666451,4.8923966,Vegan Junk Food Bar,52.3663781,4.8914415
194,Accellos,Colorado Springs,USA,38.833716,-104.826256,Starbucks,38.8336121,-104.8266909,Colorado Springs Airport,38.801712,-104.7026039,Early Connections Learning Centers,38.833322,-104.8274907,Mansion,38.8347614,-104.8242917,Urban Egg,38.8328655,-104.8237753
195,Edgeware,San Jose,USA,37.3403284,-121.8864433,Starbucks,37.33738,-121.888408,Norman Y. Mineta San Jose International Airport,37.3639472,-121.9289375,San Jose Day Nursery,37.3401349,-121.8838638,ENSO Bar & Nightclub,37.337288,-121.8887537,Punjab Cafe,37.3392286,-121.8836339
196,FireScope,Sydney,AUS,-33.867139,151.207114,Starbucks,-33.8652185,151.2054493,Sydney Airport,-33.9399228,151.1752764,Kids Club Child Care Clarence Centre,-33.8660423,151.2046213,Changeroom,-33.8663282,151.2075866,Peace Harmony,-33.8688699,151.2040253
197,High Gear Media,Menlo Park,USA,37.445335,-122.15833,Starbucks,37.446791,-122.160561,San Francisco International Airport,37.6213129,-122.3789554,Downtown Children's Center,37.4468532,-122.1593046,Nola,37.44503270000001,-122.1613454,Curry Up Now,37.4454771,-122.1601943
198,StyleCaster,New York,USA,40.7450497,-73.9900984,Starbucks,40.74525,-73.99086799999999,John F. Kennedy International Airport,40.6413111,-73.77813909999999,Ivy Prep Early Learning Academy,40.7450001,-73.9909175,Baile de Melao,40.744573,-73.9904086,Bombay Sandwich Co.,40.7449584,-73.99039119999999
199,Teambox,Barcelona,ESP,41.4063346,2.1920231,Starbucks,41.4049021,2.1912858,Josep Tarradellas Barcelona-El Prat Airport,41.297445,2.0832941,Centro Infantil LITTLE ONES en Sant Martí,41.40865600000001,2.1955582,Carolinos House - FC,41.4071025,2.1950153,Biocenter,41.4053748,2.1928494
