,name,city,country,latitude,longitude,Starbucks,stbk_lat,stbk_lon,airport,air_lat,air_lon,daycare,daycare_lat,daycare_lon
0,Wetpaint,Seattle,USA,47.603122,-122.333253,Starbucks,47.6041558,-122.3308269,Seattle-Tacoma International Airport,47.4502499,-122.3088165,Cosmopolitan Kids Downtown Academy,47.60568610000001,-122.3349966
1,Wetpaint,New York,USA,40.7237306,-73.9964312,Starbucks,40.722553,-73.997942,John F. Kennedy International Airport,40.6413111,-73.77813909999999,SoHo Child Care,40.7233739,-74.0010602
2,Mahalo,Culver City,USA,34.017606,-118.487267,Starbucks,34.0172403,-118.489752,Los Angeles International Airport,33.9415889,-118.40853,Piper Preschool,34.0211454,-118.4928878
3,Kyte,San Francisco,USA,37.788482,-122.409173,Starbucks,37.7872876,-122.4074322,San Francisco International Airport,37.6213129,-122.3789554,Bright Horizons,37.7921109,-122.4039273
4,Wesabe,San Francisco,USA,37.793148,-122.402567,Starbucks,37.792846,-122.404304,San Francisco International Airport,37.6213129,-122.3789554,Bright Horizons,37.7921109,-122.4039273
5,Jangl SMS,Pleasanton,USA,37.697805,-121.907768,Starbucks,37.700953,-121.910039,Oakland International Airport,37.7125689,-122.2197428,Child Care Links,37.6978979,-121.90804
6,Pando Networks,New York,USA,40.722655,-73.99873,Starbucks,40.722553,-73.997942,John F. Kennedy International Airport,40.6413111,-73.77813909999999,SoHo Child Care,40.7233739,-74.0010602
7,Livestream,New York,USA,40.726155,-73.995625,Starbucks,40.727212,-73.995485,John F. Kennedy International Airport,40.6413111,-73.77813909999999,Learning and Fun Daycare at St. George Academy,40.7280553,-73.9896602
8,YouTube,San Bruno,USA,37.627971,-122.426804,Starbucks,37.62572919999999,-122.4260703,San Francisco International Airport,37.6213129,-122.3789554,Crestmoor Montessori Care,37.624456,-122.43318
9,CastTV,San Francisco,USA,37.780716,-122.393913,Starbucks,37.77867,-122.396701,San Francisco International Airport,37.6213129,-122.3789554,Bright Horizons at 2nd Street,37.7848078,-122.3948994
10,EQO,Vancouver,CAN,49.263588,-123.138565,Starbucks,49.26313769999999,-123.1388466,Vancouver International Airport,49.1966913,-123.1815123,False Creek YMCA Child Care,49.2679163,-123.1352516
11,iSkoot,Cambridge,USA,42.375392,-71.118487,Starbucks Reserve,42.373333,-71.119214,Boston Logan International Airport,42.3656132,-71.0095602,Oxford Street Day Care Co-Op,42.379076,-71.11309
12,iSkoot,San Francisco,USA,37.780134,-122.396744,Starbucks,37.77867,-122.396701,San Francisco International Airport,37.6213129,-122.3789554,Bright Horizons at 2nd Street,37.7848078,-122.3948994
13,Netvibes,Paris,FRA,48.870806,2.34668,Starbucks,48.8706754,2.3469117,Paris-Charles De Gaulle,49.0096906,2.5479245,Crèche Bulles De Savon - Crèches De France,48.876316,2.337288
14,FeedBurner,Chicago,USA,41.889474,-87.628912,Starbucks,41.89016000000001,-87.63125099999999,O'Hare International Airport,41.9741625,-87.9073214,Nannies of Children's Learning Place,41.889873,-87.627482
15,TVtrip,Paris,FRA,48.856667,2.350987,Starbucks Coffee,48.85894820000001,2.3481632,Paris-Charles De Gaulle,49.0096906,2.5479245,Day Care Municipal - Lobau,48.8560309,2.3529509
16,Bebo,San Francisco,USA,37.782103,-122.401116,Starbucks,37.784833,-122.39996,San Francisco International Airport,37.6213129,-122.3789554,Modern Education Family Childcare - Yerba Buena,37.781321,-122.401216
17,Loomia,San Francisco,USA,37.796396,-122.404869,Starbucks,37.794632,-122.402728,San Francisco International Airport,37.6213129,-122.3789554,Bright Horizons,37.7921109,-122.4039273
18,Terabitz,Palo Alto,USA,37.437328,-122.159928,Peet's Coffee,37.4380642,-122.159322,San Francisco International Airport,37.6213129,-122.3789554,Downtown Palo Alto KinderCare,37.4420759,-122.1575523
19,Eventbrite,San Francisco,USA,37.779507,-122.39071,Starbucks,37.777035,-122.393641,San Francisco International Airport,37.6213129,-122.3789554,Bright Horizons at 2nd Street,37.7848078,-122.3948994
20,coComment,Geneva,CHE,46.20381,6.139959,Starbucks,46.2071315,6.1422325,Genève Aéroport,46.23700969999999,6.1091564,Crèche Madeleine Des Enfants,46.2019857,6.1489942
21,Zvents,San Mateo,USA,37.553121,-122.301534,Starbucks,37.554356,-122.30661,San Francisco International Airport,37.6213129,-122.3789554,Sunshine Day Care,37.550077,-122.300719
22,Eventful,San Diego,USA,32.872081,-117.206292,Starbucks,32.870747,-117.210479,San Diego International Airport,32.7338006,-117.1933038,La Jolla Hills Family Childcare,32.8716229,-117.2018457
23,Seesmic,San Francisco,USA,37.775196,-122.419204,Starbucks,37.7770595,-122.417347,San Francisco International Airport,37.6213129,-122.3789554,Marin Day Schools San Francisco City Hall,37.7790496,-122.4188532
24,Flixster,San Francisco,USA,37.766909,-122.406676,Starbucks,37.7658845,-122.4034908,San Francisco International Airport,37.6213129,-122.3789554,Bright Horizons at Kansas Street,37.7666032,-122.403834
25,GoingOn,San Francisco,USA,37.782263,-122.392142,Starbucks,37.77867,-122.396701,San Francisco International Airport,37.6213129,-122.3789554,Bright Horizons at 2nd Street,37.7848078,-122.3948994
26,spigit,Reston,USA,38.9590083,-77.3592746,Starbucks,38.958891,-77.35914,Ronald Reagan Washington National Airport,38.851242,-77.04023149999999,"Winwood Children's Center, Reston",38.960974,-77.35936699999999
27,spigit,London,GBR,51.5170385,-0.1394759,Starbucks Coffee,51.5175358,-0.1426579,Heathrow Airport,51.4700223,-0.4542955,Zee Cosmetics & Postsurgical Care,51.5196181,-0.1469887
28,Respectance,San Mateo,USA,37.55909,-122.321836,Starbucks,37.562897,-122.323927,San Francisco International Airport,37.6213129,-122.3789554,Papilon Preschool managed by Bright Horizons,37.5551844,-122.3169252
29,Curse,San Francisco,USA,37.787092,-122.399972,Starbucks,37.788673,-122.400874,San Francisco International Airport,37.6213129,-122.3789554,Bright Horizons at 2nd Street,37.7848078,-122.3948994
30,Vuze,San Mateo,USA,37.4858654,-122.2262606,Starbucks Reserve,37.486332,-122.229944,San Francisco International Airport,37.6213129,-122.3789554,Bright Horizons at Redwood City,37.4902792,-122.2313807
31,NowPublic,Vancouver,CAN,49.283376,-123.103986,Starbucks,49.2844427,-123.108513,Vancouver International Airport,49.1966913,-123.1815123,Children's World Childcare Centre,49.284098,-123.0939572
32,Crackle,Culver City,USA,34.017506,-118.401579,Starbucks,34.0173424,-118.4054507,Los Angeles International Airport,33.9415889,-118.40853,Perez Family Child Care,34.0186873,-118.4057144
33,BuddyTV,Seattle,USA,47.61968,-122.356756,Starbucks,47.6229507,-122.3568959,Seattle-Tacoma International Airport,47.4502499,-122.3088165,MightyKidz Daycare,47.6218098,-122.3556552
34,Retrevo,Sunnyvale,USA,37.368594,-122.034021,Starbucks,37.3686003,-122.0356701,Norman Y. Mineta San Jose International Airport,37.3639472,-121.9289375,Daisy Daycare,37.3689677,-122.0330474
35,Tangler,Mountain View,USA,37.386665,-122.084171,Starbucks,37.387571,-122.083068,San Francisco International Airport,37.6213129,-122.3789554,Barbara Bird's Little Birdies Daycare,37.3879761,-122.0901578
36,Revver,Los Angeles,USA,34.052187,-118.243425,Starbucks,34.050984,-118.242338,Los Angeles International Airport,33.9415889,-118.40853,Grace Iino Children's Center,34.0484039,-118.2435712
37,Flock,Menlo Park,USA,37.491356,-122.228843,Starbucks,37.490422,-122.225101,San Francisco International Airport,37.6213129,-122.3789554,Bright Horizons at Redwood City,37.4902792,-122.2313807
38,Dropbox,San Francisco,USA,37.7909427,-122.4084994,Starbucks,37.789146,-122.408456,San Francisco International Airport,37.6213129,-122.3789554,Bright Horizons,37.7921109,-122.4039273
39,Kongregate,San Francisco,USA,37.786942,-122.401245,Starbucks,37.7884614,-122.4034092,San Francisco International Airport,37.6213129,-122.3789554,Bright Horizons at 2nd Street,37.7848078,-122.3948994
40,DanceJam,San Francisco,USA,37.781557,-122.407959,Starbucks,37.7841086,-122.4076337,San Francisco International Airport,37.6213129,-122.3789554,Apple Tree Day Care,37.7770416,-122.4050405
41,Yola,San Francisco,USA,37.7911148,-122.3954751,Starbucks Reserve,37.791511,-122.395103,San Francisco International Airport,37.6213129,-122.3789554,Bright Horizons at 221 Main,37.79034,-122.392263
42,BitTorrent,San Francisco,USA,37.790998,-122.394668,Starbucks Reserve,37.791511,-122.395103,San Francisco International Airport,37.6213129,-122.3789554,Bright Horizons at 221 Main,37.79034,-122.392263
43,Doostang,Palo Alto,USA,37.427235,-122.145783,Starbucks,37.426867,-122.144091,San Francisco International Airport,37.6213129,-122.3789554,College Terrace Children's Center,37.4232582,-122.1487544
44,Mevio,San Francisco,USA,37.782263,-122.392142,Starbucks,37.77867,-122.396701,San Francisco International Airport,37.6213129,-122.3789554,Bright Horizons at 2nd Street,37.7848078,-122.3948994
45,Vlingo,Cambridge,USA,42.372912,-71.118999,Starbucks Reserve,42.373333,-71.119214,Boston Logan International Airport,42.3656132,-71.0095602,Harvard Square Gan,42.3692848,-71.1144525
46,Docstoc,Santa Monica,USA,34.018275,-118.495025,Starbucks,34.0157416,-118.4965857,Los Angeles International Airport,33.9415889,-118.40853,Knowledge Universe,34.0178262,-118.4971913
47,Shock Treatment Management,Seattle,USA,47.610332,-122.339859,Starbucks,47.610021,-122.342583,Seattle-Tacoma International Airport,47.4502499,-122.3088165,Seattle KinderCare,47.614766,-122.3353167
48,sezmi,Santa Monica,USA,34.017373,-118.453218,Starbucks,34.019731,-118.454721,Los Angeles International Airport,33.9415889,-118.40853,Bright Horizons at Ocean Park,34.0206271,-118.4491745
49,MocoSpace,Boston,USA,42.350274,-71.058768,Starbucks,42.35223999999999,-71.05597,Boston Logan International Airport,42.3656132,-71.0095602,Bright Horizons at Tufts Medical Center,42.3490058,-71.06237589999999
50,Minglebox,Bangalore,IND,12.971606,77.594376,Starbucks Vittal Mallya Road,12.9712028,77.5980593,Kempegowda International Airport Bengaluru,13.1986348,77.7065928,"KLAY Preschool and DayCare, Lavelle Road",12.9687586,77.5973576
51,Thumbplay,New York,USA,40.725435,-73.997395,Starbucks,40.727212,-73.995485,John F. Kennedy International Airport,40.6413111,-73.77813909999999,SoHo Child Care,40.7233739,-74.0010602
52,Wonga,London,GBR,51.5192042,-0.1626103,Starbucks,51.5223174,-0.1635591,Heathrow Airport,51.4700223,-0.4542955,Abeona Day Nursery,51.5229248,-0.172994
53,SayNow,Palo Alto,USA,37.42746,-122.143915,Starbucks,37.426867,-122.144091,San Francisco International Airport,37.6213129,-122.3789554,College Terrace Children's Center,37.4232582,-122.1487544
54,Crunchyroll,San Francisco,USA,37.781265,-122.393229,Starbucks,37.77867,-122.396701,San Francisco International Airport,37.6213129,-122.3789554,Bright Horizons at 2nd Street,37.7848078,-122.3948994
55,OMGPOP,New York,USA,40.723384,-74.001704,Starbucks,40.722553,-73.997942,John F. Kennedy International Airport,40.6413111,-73.77813909999999,Tribeca Early Childhood Learning Center,40.721362,-74.00563679999999
56,Behance,New York,USA,40.74406,-74.004592,Starbucks,40.741128,-74.0013013,John F. Kennedy International Airport,40.6413111,-73.77813909999999,Bright Horizons at West 14th,40.7397696,-74.0018061
57,FlowPlay,Seattle,USA,47.6015315,-122.335943,Starbucks,47.601606,-122.333974,Seattle-Tacoma International Airport,47.4502499,-122.3088165,Cosmopolitan Kids Downtown Academy,47.60568610000001,-122.3349966
58,Viewpoints,Chicago,USA,41.890376,-87.63406,Starbucks,41.888639,-87.63452,O'Hare International Airport,41.9741625,-87.9073214,Nannies of Children's Learning Place,41.889873,-87.627482
59,RatePoint,Needham,USA,42.296111,-71.238524,Starbucks,42.29325100000001,-71.235089,Boston Logan International Airport,42.3656132,-71.0095602,Needham Heights KinderCare,42.291345,-71.2347609
60,mig33,Singapore,SGP,37.580304,-122.343679,Starbucks,37.579393,-122.346144,San Francisco International Airport,37.6213129,-122.3789554,Happy Hearts Childcare & Preschool,37.582543,-122.3359538
61,GamerDNA,Cambridge,USA,42.375392,-71.118487,Starbucks Reserve,42.373333,-71.119214,Boston Logan International Airport,42.3656132,-71.0095602,Oxford Street Day Care Co-Op,42.379076,-71.11309
62,Animoto,New York,USA,40.72948,-74.000195,Starbucks,40.730715,-74.002585,John F. Kennedy International Airport,40.6413111,-73.77813909999999,Manhattan Kid's Club III,40.73193879999999,-74.0005599
63,Fixya,San Mateo,USA,37.566879,-122.323895,Starbucks,37.562897,-122.323927,San Francisco International Airport,37.6213129,-122.3789554,Baby Steps,37.570815,-122.323143
64,Xobni,San Francisco,USA,37.789634,-122.404052,Starbucks,37.7884614,-122.4034092,San Francisco International Airport,37.6213129,-122.3789554,Bright Horizons,37.7921109,-122.4039273
65,Worklight,New York,USA,40.756799,-73.976348,Starbucks,40.756425,-73.978301,John F. Kennedy International Airport,40.6413111,-73.77813909999999,Bright Horizons at E46th St,40.7538188,-73.9732642
66,Mobivox,Montreal,CAN,45.500277,-73.560084,Starbucks,45.5007393,-73.55924,Montréal-Pierre Elliott Trudeau International Airport,45.46568509999999,-73.7454814,GARDERIE-PREMATERNELLE LE PRINCE ET SES AMIS,45.4967496,-73.5551804
67,3Jam,San Francisco,USA,37.765125,-122.4044034,Starbucks,37.7658845,-122.4034908,San Francisco International Airport,37.6213129,-122.3789554,Bright Horizons at Kansas Street,37.7666032,-122.403834
68,Wikinvest,San Francisco,USA,37.775196,-122.419204,Starbucks,37.7770595,-122.417347,San Francisco International Airport,37.6213129,-122.3789554,Marin Day Schools San Francisco City Hall,37.7790496,-122.4188532
69,RayV,New York,USA,40.781159,-73.978332,Starbucks,40.781017,-73.98101799999999,John F. Kennedy International Airport,40.6413111,-73.77813909999999,Bright Horizons at West 72nd,40.7797432,-73.9836596
70,Uptake,Palo Alto,USA,37.443058,-122.161674,Starbucks,37.446791,-122.160561,San Francisco International Airport,37.6213129,-122.3789554,Downtown Palo Alto KinderCare,37.4420759,-122.1575523
71,Polyvore,Mountain View,USA,37.386175,-122.083487,Starbucks,37.387571,-122.083068,San Francisco International Airport,37.6213129,-122.3789554,Barbara Bird's Little Birdies Daycare,37.3879761,-122.0901578
72,Treemo Labs,Seattle,USA,47.620716,-122.347533,Starbucks,47.62103949999999,-122.3507743,Seattle-Tacoma International Airport,47.4502499,-122.3088165,MightyKidz Daycare,47.6218098,-122.3556552
73,Tumblr,New York,USA,40.743808,-73.983626,Starbucks,40.744169,-73.983712,John F. Kennedy International Airport,40.6413111,-73.77813909999999,Push My Swing Daycare,40.7421315,-73.98163079999999
74,EchoSign,Palo Alto,USA,37.445326,-122.160671,Starbucks,37.446791,-122.160561,San Francisco International Airport,37.6213129,-122.3789554,Downtown Palo Alto KinderCare,37.4420759,-122.1575523
75,Eurekster,,USA,37.790992,-122.40188,Starbucks,37.792846,-122.404304,San Francisco International Airport,37.6213129,-122.3789554,Bright Horizons,37.7921109,-122.4039273
76,Songbird,San Francisco,USA,37.787126,-122.39783,Starbucks,37.784833,-122.39996,San Francisco International Airport,37.6213129,-122.3789554,Bright Horizons at 2nd Street,37.7848078,-122.3948994
77,Disqus,San Francisco,USA,37.786906,-122.397672,Starbucks,37.784833,-122.39996,San Francisco International Airport,37.6213129,-122.3789554,Bright Horizons at 2nd Street,37.7848078,-122.3948994
78,Pelago,Seattle,USA,47.607065,-122.335373,Starbucks,47.607304,-122.334259,Seattle-Tacoma International Airport,47.4502499,-122.3088165,Kids Centre Inc Spring Street,47.605176,-122.337157
79,Faves,Seattle,USA,47.603327,-122.334983,Starbucks,47.60378799999999,-122.335678,Seattle-Tacoma International Airport,47.4502499,-122.3088165,Cosmopolitan Kids Downtown Academy,47.60568610000001,-122.3349966
80,Plazes,Berlin,DEU,52.523402,13.398694,Starbucks,52.52329,13.40217,Berlin-Tegel Airport,52.5588327,13.2884374,Kinderinsel MITTEndrin,52.52182999999999,13.40174
81,Vringo,New York,USA,40.7550005,-73.9717364,Starbucks,40.75416999999999,-73.971732,John F. Kennedy International Airport,40.6413111,-73.77813909999999,Bright Horizons at E46th St,40.7538188,-73.9732642
82,Zmags,Copenhagen,DNK,55.6839208,12.571492,Starbucks,55.6837993,12.5707606,Copenhagen Airport,55.6180236,12.6507628,"Børnehuset ved Kongens Have, Børnehaven",55.686648,12.5773475
83,Zmags,London,GBR,51.5111369,-0.1247662,Starbucks Coffee,51.5123341,-0.1216241,Heathrow Airport,51.4700223,-0.4542955,Turtles Nursery,51.5154127,-0.1247238
84,Loopt,Mountain View,USA,37.384717,-122.081625,Starbucks,37.387571,-122.083068,San Francisco International Airport,37.6213129,-122.3789554,Safari Kid - Mountain View,37.3867586,-122.0850181
85,RealSelf,Seattle,USA,47.620716,-122.347533,Starbucks,47.62103949999999,-122.3507743,Seattle-Tacoma International Airport,47.4502499,-122.3088165,MightyKidz Daycare,47.6218098,-122.3556552
86,GameLayers,San Francisco,USA,37.803847,-122.402468,Starbucks,37.802887,-122.402977,San Francisco International Airport,37.6213129,-122.3789554,Bright Horizons at 1700 Montgomery Street,37.805206,-122.404693
87,Zoji,Seattle,USA,47.620716,-122.347533,Starbucks,47.62103949999999,-122.3507743,Seattle-Tacoma International Airport,47.4502499,-122.3088165,MightyKidz Daycare,47.6218098,-122.3556552
88,WEbook,New York,USA,38.984172,-77.095965,Starbucks,38.9843169,-77.0945739,Ronald Reagan Washington National Airport,38.851242,-77.04023149999999,Childtime of Bethesda,38.9836694,-77.0916103
89,Youku,Shanghai,CHN,31.2006566,121.4384701,Starbucks,31.19772,121.4369511,Shanghai Hongqiao International Airport,31.192209,121.334297,columbia,31.19494869999999,121.4379002
90,betNOW,London,GBR,51.511599,-0.126389,Starbucks Coffee,51.5123341,-0.1216241,Heathrow Airport,51.4700223,-0.4542955,Turtles Nursery,51.5154127,-0.1247238
91,Jott,Seattle,USA,47.6139472,-122.327807,Starbucks Reserve Roastery,47.614039,-122.328079,Seattle-Tacoma International Airport,47.4502499,-122.3088165,Spring Street Early Learning Center,47.6119243,-122.3218578
92,Deezer,Paris,FRA,48.8780596,2.3283853,Starbucks,48.87645999999999,2.326762,Paris-Charles De Gaulle,49.0096906,2.5479245,Stop Municipal Daycare,48.8824535,2.3256193
93,TradeKing,Fort Lauderdale,USA,26.119102,-80.1343038,Starbucks,26.122237,-80.137046,Fort Lauderdale-Hollywood International Airport,26.0742344,-80.1506022,Next Generation Learning Center,26.1225811,-80.1389418
94,HubSpot,Cambridge,USA,42.375392,-71.118487,Starbucks Reserve,42.373333,-71.119214,Boston Logan International Airport,42.3656132,-71.0095602,Oxford Street Day Care Co-Op,42.379076,-71.11309
95,BeliefNet,New York,USA,40.740231,-73.985433,Starbucks,40.74054,-73.98422099999999,John F. Kennedy International Airport,40.6413111,-73.77813909999999,Ivy Prep Early Learning Academy,40.7450001,-73.9909175
96,HubPages,San Francisco,USA,37.7876952,-122.3991505,Starbucks,37.788673,-122.400874,San Francisco International Airport,37.6213129,-122.3789554,Bright Horizons at 2nd Street,37.7848078,-122.3948994
97,Ribbit,Mountain View,USA,37.386665,-122.084171,Starbucks,37.387571,-122.083068,San Francisco International Airport,37.6213129,-122.3789554,Barbara Bird's Little Birdies Daycare,37.3879761,-122.0901578
98,WeShow,New York,USA,40.752516,-73.973072,Starbucks,40.75416999999999,-73.971732,John F. Kennedy International Airport,40.6413111,-73.77813909999999,Bright Horizons at E46th St,40.7538188,-73.9732642
99,Streamezzo,Paris,FRA,48.872159,2.291225,Starbucks,48.8761606,2.2964653,Paris-Charles De Gaulle,49.0096906,2.5479245,Municipal Collective Nursery - Lauriston,48.8680488,2.2884352
100,PlayFirst,San Francisco,USA,37.790346,-122.40185,Starbucks,37.7884614,-122.4034092,San Francisco International Airport,37.6213129,-122.3789554,Bright Horizons,37.7921109,-122.4039273
101,Qik,Redwood City,USA,37.486368,-122.230116,Starbucks Reserve,37.486332,-122.229944,San Francisco International Airport,37.6213129,-122.3789554,Bright Horizons at Redwood City,37.4902792,-122.2313807
102,Delve Networks,Seattle,USA,47.600818,-122.334117,Starbucks,47.59907,-122.3326739,Seattle-Tacoma International Airport,47.4502499,-122.3088165,Kids Centre Inc Spring Street,47.605176,-122.337157
103,Bunchball,Redwood City,USA,37.3208403,-121.9479223,Starbucks,37.320964,-121.949113,Norman Y. Mineta San Jose International Airport,37.3639472,-121.9289375,KidsPark,37.3231786,-121.9447055
104,TravelMuse,New York,USA,37.402802,-122.117418,Starbucks,37.402755,-122.112379,San Francisco International Airport,37.6213129,-122.3789554,KEEUM,37.3991707,-122.1091947
105,SugarCRM,Cupertino,USA,37.323739,-122.014147,Starbucks,37.323404,-122.011309,Norman Y. Mineta San Jose International Airport,37.3639472,-121.9289375,Bee's Knees Childcare,37.3215986,-122.0153812
106,Jobfox,McLean,USA,38.92719,-77.216969,Starbucks,38.9258639,-77.2124116,Ronald Reagan Washington National Airport,38.851242,-77.04023149999999,First Steps Academy,38.9243492,-77.2167465
107,Outspark,San Francisco,USA,37.775196,-122.419204,Starbucks,37.7770595,-122.417347,San Francisco International Airport,37.6213129,-122.3789554,Marin Day Schools San Francisco City Hall,37.7790496,-122.4188532
108,yoonew,New York,USA,40.75362,-73.986557,Starbucks,40.754361,-73.987257,John F. Kennedy International Airport,40.6413111,-73.77813909999999,Child's Turn,40.7571537,-73.9865311
109,Roost,San Francisco,USA,37.7891288,-122.4020276,Starbucks,37.7884614,-122.4034092,San Francisco International Airport,37.6213129,-122.3789554,Bright Horizons,37.7921109,-122.4039273
110,Zynga,San Francisco,USA,37.765158,-122.404234,Starbucks,37.7658845,-122.4034908,San Francisco International Airport,37.6213129,-122.3789554,Bright Horizons at Kansas Street,37.7666032,-122.403834
111,Lookery,San Francisco,USA,37.788266,-122.403865,Starbucks,37.7884614,-122.4034092,San Francisco International Airport,37.6213129,-122.3789554,Bright Horizons,37.7921109,-122.4039273
112,Sharetivity,Palo Alto,USA,37.550954,-122.315396,Starbucks,37.552243,-122.31386,San Francisco International Airport,37.6213129,-122.3789554,Papilon Preschool managed by Bright Horizons,37.5551844,-122.3169252
113,VisualCV,Reston,USA,38.9530391,-77.3479238,Starbucks,38.95201,-77.347456,Ronald Reagan Washington National Airport,38.851242,-77.04023149999999,Childtime of Reston,38.9513153,-77.3466147
114,TalentSpring,Seattle,USA,47.680496,-122.120938,Starbucks,47.681042,-122.1259389,Seattle-Tacoma International Airport,47.4502499,-122.3088165,La Petite Academy of Redmond,47.6795705,-122.1266804
115,RocketOn,South San Francisco,USA,37.65466,-122.40788,Starbucks,37.655213,-122.410901,San Francisco International Airport,37.6213129,-122.3789554,YMCA of SF - Gateway Child Development Center,37.6577759,-122.4000975
116,stickK,New York,USA,40.744837,-73.983843,Starbucks,40.744169,-73.983712,John F. Kennedy International Airport,40.6413111,-73.77813909999999,Manhattan Nursery School,40.7477712,-73.9874152
117,Bragster,London,GBR,51.5220072,-0.0766034,"Starbucks, Liverpool St Stn - Broadgate Link",51.5185932,-0.0818238,Heathrow Airport,51.4700223,-0.4542955,Broadgate Nursery,51.522598,-0.08094029999999999
118,Qype,Hamburg,DEU,53.54598,9.987181,Starbucks,53.5486926,9.987982599999999,Hamburg Airport,53.633622,9.9974128,Schmusebacke GmbH,53.5452369,9.982547
119,Smalltown,San Mateo,USA,37.566123,-122.323045,Starbucks,37.562897,-122.323927,San Francisco International Airport,37.6213129,-122.3789554,Baby Steps,37.570815,-122.323143
120,MOG,Berkeley,USA,37.872222,-122.268403,Starbucks,37.870434,-122.266083,San Francisco International Airport,37.6213129,-122.3789554,International Child Resource,37.878616,-122.2660017
121,Social Gaming Network,Los Angeles,USA,37.446823,-122.161523,Starbucks,37.446791,-122.160561,San Francisco International Airport,37.6213129,-122.3789554,Downtown Palo Alto KinderCare,37.4420759,-122.1575523
122,Social Gaming Network,Beverly Hills,USA,34.0698494,-118.4054182,Starbucks,34.0705899,-118.4023581,Los Angeles International Airport,33.9415889,-118.40853,Beverly Hills Resurces Corporation,34.0736574,-118.4002679
123,Foneshow,Portland,USA,43.657058,-70.253959,Starbucks,43.657582,-70.254661,Portland International Jetport,43.6464785,-70.30969739999999,St Elizabeth's Child Dev Center,43.653091,-70.260975
124,doubleTwist,San Francisco,USA,37.775196,-122.419204,Starbucks,37.7770595,-122.417347,San Francisco International Airport,37.6213129,-122.3789554,Marin Day Schools San Francisco City Hall,37.7790496,-122.4188532
125,Grooveshark,Gainesville,USA,29.6502461,-82.3230981,Starbucks,29.649743,-82.32368699999999,Gainesville Regional Airport,29.6863121,-82.2766402,Holy Trinity Episcopal School of Gainesville,29.6542043,-82.3247138
126,FameCast,Austin,USA,30.268735,-97.745209,Starbucks,30.268259,-97.74295599999999,Austin-Bergstrom International Airport,30.19747109999999,-97.66635289999999,Phoenix School,30.273182,-97.748626
127,Evernote,Redwood City,USA,37.386774,-121.987661,Starbucks,37.389108,-121.98346,Norman Y. Mineta San Jose International Airport,37.3639472,-121.9289375,West Valley-Msn Community Clg District,37.3912164,-121.9820461
128,Raptr,Mountain View,USA,37.40384,-122.07808,Starbucks,37.403017,-122.079089,San Francisco International Airport,37.6213129,-122.3789554,Happy Birds Daycare,37.404441,-122.079732
129,HipLogic,Fremont,USA,37.5541073,-121.9756765,Starbucks,37.553362,-121.973852,Oakland International Airport,37.7125689,-122.2197428,Happy Family Child Care Center,37.5537247,-121.9741606
130,Inform Technologies,New York,USA,40.744639,-73.983963,Starbucks,40.744169,-73.983712,John F. Kennedy International Airport,40.6413111,-73.77813909999999,Manhattan Nursery School,40.7477712,-73.9874152
131,SendMe,San Francisco,USA,37.787126,-122.39783,Starbucks,37.784833,-122.39996,San Francisco International Airport,37.6213129,-122.3789554,Bright Horizons at 2nd Street,37.7848078,-122.3948994
132,Blog Talk Radio,New York,USA,40.757929,-73.985506,Starbucks,40.7567274,-73.9858802,John F. Kennedy International Airport,40.6413111,-73.77813909999999,Star America Preschool,40.7607112,-73.9870432
133,Tiny Pictures,San Francisco,USA,37.781002,-122.406912,Starbucks,37.7841086,-122.4076337,San Francisco International Airport,37.6213129,-122.3789554,Apple Tree Day Care,37.7770416,-122.4050405
134,Issuu,Palo Alto,USA,37.4784804,-122.1514101,Starbucks,37.480185,-122.151151,San Francisco International Airport,37.6213129,-122.3789554,Carosel Child Care,37.47303,-122.156564
135,Outbrain,New York City,USA,40.757929,-73.985506,Starbucks,40.7567274,-73.9858802,John F. Kennedy International Airport,40.6413111,-73.77813909999999,Star America Preschool,40.7607112,-73.9870432
136,MoFuse,Providence,USA,41.826956,-71.408718,Starbucks,41.8252513,-71.4098695,T. F. Green Airport,41.7245271,-71.4304062,URI Dr. Pat Feinstein Child Development Center,41.8233451,-71.4139601
137,Phreesia,New York,USA,40.739794,-73.985878,Starbucks,40.740194,-73.986767,John F. Kennedy International Airport,40.6413111,-73.77813909999999,Bright Steps Daycare & Preschool,40.7351711,-73.9843688
138,99designs,San Francisco,USA,37.7955307,-122.4005983,Starbucks,37.794632,-122.402728,San Francisco International Airport,37.6213129,-122.3789554,Bright Horizons,37.7921109,-122.4039273
139,Generate,Santa Monica,USA,34.031328,-118.471463,Starbucks,34.032742,-118.47531,Los Angeles International Airport,33.9415889,-118.40853,Petit à Petit French Bilingual Daycare Santa Monica Day Care Garderie Crèche Francaise,34.033396,-118.471491
140,Generate,New York,USA,40.7570972,-73.969821,Starbucks,40.75743,-73.969128,John F. Kennedy International Airport,40.6413111,-73.77813909999999,Bright Horizons at E46th St,40.7538188,-73.9732642
141,Ifbyphone,Chicago,USA,42.040851,-87.750643,Starbucks,42.040516,-87.751859,O'Hare International Airport,41.9741625,-87.9073214,Creative Paths Learning Center,42.040557,-87.755574
142,Tripology,New York,USA,40.746883,-73.983969,Starbucks,40.74850250000001,-73.9851667,John F. Kennedy International Airport,40.6413111,-73.77813909999999,Push My Swing Daycare,40.7421315,-73.98163079999999
143,Giant Realm,New York,USA,40.7566658,-73.9827553,Starbucks,40.75766,-73.98508,John F. Kennedy International Airport,40.6413111,-73.77813909999999,Star America Preschool,40.7607112,-73.9870432
144,Global Roaming,Miami,USA,25.9690885,-80.1417742,Starbucks,25.9668838,-80.1422518,Miami International Airport,25.7958723,-80.2870509,KLA Schools of Aventura,25.9641472,-80.1460227
145,Clarizen,San Mateo,USA,37.536044,-122.328401,Starbucks,37.534018,-122.326154,San Francisco International Airport,37.6213129,-122.3789554,Laurelwood Day Care,37.5312346,-122.3249014
146,Skydeck,Palo Alto,USA,37.5645375,-122.3254705,Starbucks,37.562897,-122.323927,San Francisco International Airport,37.6213129,-122.3789554,Muslim Children's Garden,37.5688834,-122.3278373
147,Next New Networks,New York,USA,40.743808,-73.983626,Starbucks,40.744169,-73.983712,John F. Kennedy International Airport,40.6413111,-73.77813909999999,Push My Swing Daycare,40.7421315,-73.98163079999999
148,Zuora,Foster City,USA,37.5596277,-122.2709868,Starbucks,37.56095,-122.273902,San Francisco International Airport,37.6213129,-122.3789554,Foster City KinderCare,37.5606494,-122.2721339
149,Elastra,San Francisco,USA,37.791137,-122.391843,Starbucks,37.791311,-122.392268,San Francisco International Airport,37.6213129,-122.3789554,Bright Horizons at 221 Main,37.79034,-122.392263
150,Mytopia,Palo Alto,USA,34.007967,-118.489681,Starbucks,34.010735,-118.4915543,Los Angeles International Airport,33.9415889,-118.40853,First Step Nursery School,34.0018102,-118.4825478
151,Netbooks,San Francisco,USA,37.79471,-122.40195,Starbucks,37.792846,-122.404304,San Francisco International Airport,37.6213129,-122.3789554,Bright Horizons,37.7921109,-122.4039273
152,7digital,London,GBR,51.5254,-0.083726,Starbucks Coffee,51.5262525,-0.08800519999999999,Heathrow Airport,51.4700223,-0.4542955,Broadgate Nursery,51.522598,-0.08094029999999999
153,Kannuu,Dallas,USA,32.9249424,-96.7679229,Starbucks,32.92510499999999,-96.769965,Dallas/Fort Worth International Airport,32.8998091,-97.0403352,Quick English Learning,32.9253531,-96.7700608
154,The Echo Nest,Somerville,USA,42.396495,-71.12045,Starbucks,42.3956589,-71.1222928,Boston Logan International Airport,42.3656132,-71.0095602,Davis Square KinderCare,42.3974997,-71.1235001
155,Business Insider,New York,USA,40.73906,-73.990911,Starbucks,40.740442,-73.99122799999999,John F. Kennedy International Airport,40.6413111,-73.77813909999999,Patricia Carbine Children Center,40.7430573,-73.98617
156,Zemanta,London,GBR,51.5141566,-0.0934254,Starbucks Coffee,51.5146144,-0.09615549999999999,Heathrow Airport,51.4700223,-0.4542955,Newpark Childcare Centre,51.5185694,-0.0934477
157,Zemanta,New York,USA,40.7387945,-73.9939213,Starbucks,40.737046,-73.996526,John F. Kennedy International Airport,40.6413111,-73.77813909999999,Metrokids Preschool- Chelsea,40.7394466,-73.9950692
158,eYeka,Paris,FRA,48.856667,2.350987,Starbucks Coffee,48.85894820000001,2.3481632,Paris-Charles De Gaulle,49.0096906,2.5479245,Day Care Municipal - Lobau,48.8560309,2.3529509
159,Cellufun,New York,USA,40.73993,-73.9930489,Starbucks,40.740442,-73.99122799999999,John F. Kennedy International Airport,40.6413111,-73.77813909999999,Ivy Prep Early Learning Academy,40.7450001,-73.9909175
160,Xoopit,San Francisco,USA,37.7617955,-122.4092704,Starbucks,37.7629128,-122.4104227,San Francisco International Airport,37.6213129,-122.3789554,Bright Horizons at Kansas Street,37.7666032,-122.403834
161,Austhink Software,"Melbourne, Victoria",AUS,-37.813603,144.96616,Starbucks,-37.8149543,144.9662713,Melbourne Airport,-37.6690123,144.8410273,QV Children's Centre,-37.8104484,144.9663287
162,Cotendo,Sunnyvale,USA,37.504764,-122.259568,Starbucks,37.506495,-122.260987,San Francisco International Airport,37.6213129,-122.3789554,Happy Campers Preschool,37.507557,-122.2627364
163,Cellfish,New York,USA,40.761855,-73.983754,Starbucks,40.7607368,-73.9837823,John F. Kennedy International Airport,40.6413111,-73.77813909999999,Star America Preschool,40.7607112,-73.9870432
164,SiBEAM,Sunnyvale,USA,37.390704,-122.03039,Starbucks,37.3882714,-122.0303535,Norman Y. Mineta San Jose International Airport,37.3639472,-121.9289375,BAMBI FAMILY DAY CARE,37.3892446,-122.0257412
165,Boxbe,San Francisco,USA,37.800209,-122.442592,Starbucks Reserve,37.800647,-122.438558,San Francisco International Airport,37.6213129,-122.3789554,Little Bee Daycare,37.799492,-122.440577
166,Moviestorm,Cambridge,GBR,52.197471,0.130588,Starbucks,52.2013551,0.1253261,Cambridge Airport,52.207712,0.1703386,Cambridge Montessori,52.197986,0.135579
167,mySupermarket,New York,USA,53.478714,-2.244824,Starbucks,53.47794649999999,-2.2456007,Manchester Airport,53.3588026,-2.2727303,Macintosh Nursery,53.4735002,-2.2427972
168,Mojiva,New York,USA,40.7185614,-73.998662,Starbucks,40.718252,-73.999961,John F. Kennedy International Airport,40.6413111,-73.77813909999999,Red Apple Child Development,40.7157326,-73.99348669999999
169,GitHub,San Francisco,USA,37.775196,-122.419204,Starbucks,37.7770595,-122.417347,San Francisco International Airport,37.6213129,-122.3789554,Marin Day Schools San Francisco City Hall,37.7790496,-122.4188532
170,PluggedIn,Santa Monica,USA,34.007967,-118.489681,Starbucks,34.010735,-118.4915543,Los Angeles International Airport,33.9415889,-118.40853,First Step Nursery School,34.0018102,-118.4825478
171,Mirror42,Amsterdam,NLD,52.36702,4.896468,STARBUCKS The Bank Rembrandtplein,52.3659541,4.8977405,Amsterdam Airport Schiphol,52.3105386,4.7682744,KinderRijk KDV Binnengasthuisstraat,52.36859339999999,4.8940635
172,Apture,San Francisco,USA,37.566042,-122.322954,Starbucks,37.562897,-122.323927,San Francisco International Airport,37.6213129,-122.3789554,Baby Steps,37.570815,-122.323143
173,MediaScrape,Montreal,CAN,45.545447,-73.639076,Starbucks,45.5431848,-73.63995249999999,Montréal-Pierre Elliott Trudeau International Airport,45.46568509999999,-73.7454814,Garderie Les Futurs Génies,45.5470678,-73.63972729999999
174,InMobi,San Francisco,USA,37.4465496,-122.1709208,Starbucks,37.443643,-122.171738,San Francisco International Airport,37.6213129,-122.3789554,Fio's home daycare,37.446726,-122.1766234
175,InMobi,Singapore,SGP,1.284082,103.851942,Starbucks,1.2842759,103.8520723,Singapore Changi Airport,1.3644202,103.9915308,Modern Montessori International HQ,1.2870439,103.8479378
176,TeachStreet,Seattle,USA,47.6171788,-122.3370801,Starbucks,47.615222,-122.338094,Seattle-Tacoma International Airport,47.4502499,-122.3088165,Seattle KinderCare,47.614766,-122.3353167
177,Serious Business,San Francisco,USA,37.7893215,-122.4013624,Starbucks,37.7884614,-122.4034092,San Francisco International Airport,37.6213129,-122.3789554,Bright Horizons,37.7921109,-122.4039273
178,KnowledgeTree,Raleigh,USA,35.786975,-78.647003,Starbucks,35.788415,-78.64783299999999,Raleigh-Durham International Airport,35.88007899999999,-78.7879963,Infant Toddler Center,35.7810248,-78.6407938
179,Center'd,Menlo Park,USA,37.452992,-122.185098,Starbucks,37.452214,-122.183867,San Francisco International Airport,37.6213129,-122.3789554,Fio's home daycare,37.446726,-122.1766234
180,Pixsta,London,GBR,51.51819,-0.208979,Starbucks,51.5168329,-0.2058693,Heathrow Airport,51.4700223,-0.4542955,Latymer Children's Centre,51.5124405,-0.2187761
181,Tripwolf,Vienna,AUT,48.220357,16.355,Kaleya Kaffeehausbetrieb OG,48.2169572,16.359753,Vienna International Airport,48.1158333,16.5665751,Eltern Kind Zentrum Wien-Gilgegasse,48.2167213,16.3459407
182,Zinch,San Francisco,USA,40.234451,-111.658656,"Center Street Cafe, at Utah Valley Convention Center",40.2341252,-111.662429,Provo Airport,40.2180508,-111.7222357,Chrysalis Preschool,40.2393028,-111.6591058
183,GodTube,Plano,USA,33.075067,-96.823962,Starbucks,33.074283,-96.82221000000001,Dallas/Fort Worth International Airport,32.8998091,-97.0403352,Bright Horizons at Legacy,33.0817497,-96.83189159999999
184,Yoono,San Francisco,USA,37.787204,-122.397884,Starbucks,37.784833,-122.39996,San Francisco International Airport,37.6213129,-122.3789554,Bright Horizons at 2nd Street,37.7848078,-122.3948994
185,OVGuide,Los Angeles,USA,34.052187,-118.243425,Starbucks,34.050984,-118.242338,Los Angeles International Airport,33.9415889,-118.40853,Grace Iino Children's Center,34.0484039,-118.2435712
186,EatLime,San Francisco,USA,37.7749295,-122.4194155,Starbucks,37.7770595,-122.417347,San Francisco International Airport,37.6213129,-122.3789554,Marin Day Schools San Francisco City Hall,37.7790496,-122.4188532
187,Tyfone,Portland,USA,45.5105,-122.674995,Starbucks,45.514115,-122.677589,Portland International Airport,45.58976939999999,-122.5950942,Downtown Portland KinderCare,45.5137108,-122.6800764
188,TuneUp,San Francisco,USA,37.7654195,-122.4119381,Starbucks,37.766884,-122.409623,San Francisco International Airport,37.6213129,-122.3789554,Bright Horizons at Kansas Street,37.7666032,-122.403834
189,Mozes,Palo Alto,USA,37.445667,-122.166911,Starbucks,37.443643,-122.171738,San Francisco International Airport,37.6213129,-122.3789554,Stanford Arboretum Children's Center,37.4403167,-122.1679493
190,Stitcher,San Francisco,USA,37.775196,-122.419204,Starbucks,37.7770595,-122.417347,San Francisco International Airport,37.6213129,-122.3789554,Marin Day Schools San Francisco City Hall,37.7790496,-122.4188532
191,TerraPass,San Francisco,USA,37.787445,-122.397847,Starbucks,37.789545,-122.397592,San Francisco International Airport,37.6213129,-122.3789554,Bright Horizons at 2nd Street,37.7848078,-122.3948994
192,Sometrics,El Segundo,USA,34.048857,-118.251343,Starbucks,34.048976,-118.251847,Los Angeles International Airport,33.9415889,-118.40853,Hope Street Friends managed by Bright Horizons,34.0529142,-118.252486
193,Transpera,San Francisco,USA,37.785792,-122.405081,Starbucks,37.7872876,-122.4074322,San Francisco International Airport,37.6213129,-122.3789554,Modern Education Family Childcare - Yerba Buena,37.781321,-122.401216
194,Fliqz,Emeryville,USA,37.848641,-122.289498,Starbucks,37.846608,-122.291652,San Francisco International Airport,37.6213129,-122.3789554,Desiree's Wonderschool,37.8520275,-122.2892878
195,Votigo,Boulder,USA,37.8919079,-122.1192743,Starbucks,37.891698,-122.120063,San Francisco International Airport,37.6213129,-122.3789554,C.A.T.S.,37.8896997,-122.1165616
196,PurePlay,San Francisco,USA,37.775196,-122.419204,Starbucks,37.7770595,-122.417347,San Francisco International Airport,37.6213129,-122.3789554,Marin Day Schools San Francisco City Hall,37.7790496,-122.4188532
197,GreenNote,Mather,USA,37.492685,-122.227765,Starbucks,37.490422,-122.225101,San Francisco International Airport,37.6213129,-122.3789554,Bright Horizons at Redwood City,37.4902792,-122.2313807
198,M:Metrics,Seattle,USA,47.620716,-122.347533,Starbucks,47.62103949999999,-122.3507743,Seattle-Tacoma International Airport,47.4502499,-122.3088165,MightyKidz Daycare,47.6218098,-122.3556552
199,B-hive Networks,San Mateo,USA,37.536402,-122.325129,Starbucks,37.534018,-122.326154,San Francisco International Airport,37.6213129,-122.3789554,Laurelwood Day Care,37.5312346,-122.3249014
200,TeleFlip,Santa Monica,USA,34.01695,-118.451933,Starbucks,34.019731,-118.454721,Los Angeles International Airport,33.9415889,-118.40853,Bright Horizons at Ocean Park,34.0206271,-118.4491745
201,TuneCore,Brooklyn,USA,40.704382,-73.986572,Starbucks,40.702668,-73.990814,John F. Kennedy International Airport,40.6413111,-73.77813909999999,Bright Horizons at DUMBO,40.70318410000001,-73.9920934
202,Crowd Science,Toronto,CAN,43.712309,-79.399538,Starbucks,43.711013,-79.3990309,Toronto Pearson International Airport,43.67771760000001,-79.6248197,Upper Yonge Village Daycare Centre (UYVDC),43.713077,-79.4002963
203,WSO2,Palo Alto,USA,37.390918,-122.080843,Starbucks,37.387571,-122.083068,San Francisco International Airport,37.6213129,-122.3789554,Miss Ann's Home Child Care,37.39711,-122.077326
204,BumpTop,Toronto,CAN,43.648786,-79.3777473,Starbucks,43.64928219999999,-79.3782595,Toronto Pearson International Airport,43.67771760000001,-79.6248197,Kids & Company,43.64641779999999,-79.3822795
205,Limbo,Burlingame,USA,37.580304,-122.343679,Starbucks,37.579393,-122.346144,San Francisco International Airport,37.6213129,-122.3789554,Happy Hearts Childcare & Preschool,37.582543,-122.3359538
206,CohesiveFT,Chicago,USA,41.882401,-87.637816,Starbucks,41.881811,-87.635508,O'Hare International Airport,41.9741625,-87.9073214,Bright Horizons Chicago West,41.8808419,-87.64076949999999
207,StartForce,San Francisco,USA,37.796164,-122.420903,Starbucks,37.796758,-122.422096,San Francisco International Airport,37.6213129,-122.3789554,Tiny Giants,37.7925943,-122.4217589
208,Pivot,Cambridge,USA,42.364367,-71.078978,Starbucks,42.367459,-71.076111,Boston Logan International Airport,42.3656132,-71.0095602,TSC Child Care Center,42.3642493,-71.0848254
209,Tapulous,Palo Alto,USA,37.444332,-122.161018,Starbucks,37.446791,-122.160561,San Francisco International Airport,37.6213129,-122.3789554,Downtown Palo Alto KinderCare,37.4420759,-122.1575523
210,Codefast,San Jose,USA,37.316466,-121.873881,Starbucks,37.315392,-121.872396,Norman Y. Mineta San Jose International Airport,37.3639472,-121.9289375,Little Butterflies daycare,37.3159952,-121.8816808
211,HealthiNation,New York,USA,40.739341,-73.988357,Starbucks,40.740194,-73.986767,John F. Kennedy International Airport,40.6413111,-73.77813909999999,Bright Steps Daycare & Preschool,40.7351711,-73.9843688
212,Boxee,New York,USA,40.745064,-73.992637,Starbucks,40.743592,-73.992076,John F. Kennedy International Airport,40.6413111,-73.77813909999999,Ivy Prep Early Learning Academy,40.7450001,-73.9909175
213,Bambuser,Stockholm,SWE,59.332788,18.064488,Starbucks,59.3322352,18.0686288,Bromma Stockholm Airport,59.354812,17.9427217,Fröken Malms Barnvaktsbyrå AB,59.33593089999999,18.0735471
214,Trusera,Seattle,USA,47.617122,-122.305994,Starbucks,47.618084,-122.3038941,Seattle-Tacoma International Airport,47.4502499,-122.3088165,Beginnings Child Care Center,47.618347,-122.31306
215,Jibe Mobile,Mountain View,USA,37.4186097,-122.0937686,Starbucks,37.4218,-122.096419,San Francisco International Airport,37.6213129,-122.3789554,Mountain View Preschool & Day care Center Tiny Einstein,37.4156992,-122.0970143
216,Keibi Technologies,San Francisco,USA,37.787646,-122.402759,Starbucks,37.7884614,-122.4034092,San Francisco International Airport,37.6213129,-122.3789554,Bright Horizons,37.7921109,-122.4039273
217,BountyJobs,New York,USA,40.754211,-73.97917,Starbucks,40.755599,-73.98020799999999,John F. Kennedy International Airport,40.6413111,-73.77813909999999,Park Avenue KinderCare,40.7504994,-73.97941
218,VBS TV,Brooklyn,USA,40.720764,-73.957968,Starbucks Reserve,40.718005,-73.958219,John F. Kennedy International Airport,40.6413111,-73.77813909999999,Bright Horizons at Kent Avenue,40.718294,-73.9637396
219,Imagekind,Raleigh,USA,47.617732,-122.357317,Starbucks,47.614129,-122.352021,Seattle-Tacoma International Airport,47.4502499,-122.3088165,MightyKidz Daycare,47.6218098,-122.3556552
220,FlyCast,Lancaster,USA,40.039353,-76.307448,Starbucks,40.03996739999999,-76.305441,Lancaster Airport,40.1188413,-76.2993031,"Li'l World Of Angels Daycare Center,LLC",40.0370175,-76.3101861
221,My Damn Channel,New York,USA,40.754762,-73.988543,Starbucks,40.754361,-73.987257,John F. Kennedy International Airport,40.6413111,-73.77813909999999,Child's Turn,40.7571537,-73.9865311
222,My Damn Channel,El Segundo,USA,33.9019543,-118.3872018,Starbucks,33.902255,-118.383561,Los Angeles International Airport,33.9415889,-118.40853,Beach Babies,33.9072042,-118.3804345
223,Posterous,San Francisco,USA,37.775196,-122.419204,Starbucks,37.7770595,-122.417347,San Francisco International Airport,37.6213129,-122.3789554,Marin Day Schools San Francisco City Hall,37.7790496,-122.4188532
224,Genbook,San Francisco,USA,37.789902,-122.4007791,Starbucks,37.788673,-122.400874,San Francisco International Airport,37.6213129,-122.3789554,Bright Horizons,37.7921109,-122.4039273
225,Flowgram,San Francisco,USA,37.7710177,-122.4025976,Starbucks,37.770242,-122.403458,San Francisco International Airport,37.6213129,-122.3789554,Bright Horizons at Kansas Street,37.7666032,-122.403834
226,Bitly,New York,USA,40.74034,-74.00721,Starbucks Reserve New York Roastery,40.7405581,-74.0059674,John F. Kennedy International Airport,40.6413111,-73.77813909999999,Bright Horizons at West 14th,40.7397696,-74.0018061
227,Flat World Knowledge,Irvington,USA,41.091306,-73.923422,Starbucks,41.091136,-73.91846199999999,Westchester County Airport,41.0683325,-73.7086641,Nyack Little School House Inc,41.091541,-73.93128759999999
228,Involver,San Francisco,USA,37.788653,-122.401333,Starbucks,37.7884614,-122.4034092,San Francisco International Airport,37.6213129,-122.3789554,Bright Horizons,37.7921109,-122.4039273
229,Riot Games,Culver City,USA,34.0025911,-118.3942383,Starbucks,33.9990429,-118.3937288,Los Angeles International Airport,33.9415889,-118.40853,DayCare Culver City West Los Angeles Childcare Babysitter Family Daycare Day Car,34.006045,-118.3897009
230,Blue Lava Technologies,Honolulu,USA,21.309419,-157.86318,Starbucks,21.308858,-157.861283,Daniel K. Inouye International Airport,21.3245132,-157.9250736,Little Seed Early Learning Center,21.3100905,-157.860253
231,Streetline,San Francisco,USA,37.782085,-122.409747,Starbucks,37.7841086,-122.4076337,San Francisco International Airport,37.6213129,-122.3789554,Kids by the Bay - Civic Center,37.77938520000001,-122.4119508
232,neoSaej,Burlington,USA,42.485691,-71.19862,Starbucks,42.48478600000001,-71.1935233,Boston Logan International Airport,42.3656132,-71.0095602,Mall Rd Knowledge Beginnings,42.4883461,-71.2024982
233,Zendesk,San Francisco,USA,55.676294,12.568116,Starbucks,55.6767348,12.5689913,Copenhagen Airport,55.6180236,12.6507628,Ditte's private day care,55.6760968,12.5683372
234,muzu tv,Dublin,IRL,53.341987,-6.262682,Starbucks Chatham Row,53.3407348,-6.261413000000001,Dublin Airport,53.42644809999999,-6.249909799999999,Hyde and Seek Creche and Montessori,53.3453981,-6.2519249
235,muzu tv,London,GBR,51.513678,-0.13063,Starbucks Coffee,51.5127331,-0.1333425,Heathrow Airport,51.4700223,-0.4542955,Turtles Nursery,51.5154127,-0.1247238
236,muzu tv,New York,USA,40.757716,-73.972321,Starbucks,40.758321,-73.97407299999999,John F. Kennedy International Airport,40.6413111,-73.77813909999999,Bright Horizons at E46th St,40.7538188,-73.9732642
237,LiquidTalk,Chicago,USA,41.831001,-87.626918,Starbucks,41.830872,-87.62674799999999,O'Hare International Airport,41.9741625,-87.9073214,THE POTTERS PLAYHOUSE II CHRISTIAN DAY CARE,41.8315853,-87.6214435
238,BlogHer,Belmont,USA,37.491356,-122.228843,Starbucks,37.490422,-122.225101,San Francisco International Airport,37.6213129,-122.3789554,Bright Horizons at Redwood City,37.4902792,-122.2313807
239,Lexy,San Francisco,USA,37.786906,-122.397672,Starbucks,37.784833,-122.39996,San Francisco International Airport,37.6213129,-122.3789554,Bright Horizons at 2nd Street,37.7848078,-122.3948994
240,CarbonFlow,San Francsico,USA,37.779097,-122.39365,Starbucks,37.777035,-122.393641,San Francisco International Airport,37.6213129,-122.3789554,Bright Horizons at 2nd Street,37.7848078,-122.3948994
241,CarbonFlow,Sydney,AUS,-33.867139,151.207114,Starbucks,-33.8652185,151.2054493,Sydney Airport,-33.9399228,151.1752764,Kids Club Child Care Clarence Centre,-33.8660423,151.2046213
242,Huddler,San Francisco,USA,37.7893215,-122.4013624,Starbucks,37.7884614,-122.4034092,San Francisco International Airport,37.6213129,-122.3789554,Bright Horizons,37.7921109,-122.4039273
243,Prezi,Budapest,HUN,47.490346,19.059078,Starbucks Egyetem tér,47.490961,19.059113,Budapest Airport,47.4384587,19.2522958,MigHelp,47.4876203,19.0627288
244,Zorap,San Francisco,USA,37.775196,-122.419204,Starbucks,37.7770595,-122.417347,San Francisco International Airport,37.6213129,-122.3789554,Marin Day Schools San Francisco City Hall,37.7790496,-122.4188532
245,Hunch,New York,USA,40.741179,-73.993182,Starbucks,40.741873,-73.993326,John F. Kennedy International Airport,40.6413111,-73.77813909999999,Ivy Prep Early Learning Academy,40.7450001,-73.9909175
246,Local Marketers,Seattle,USA,47.5989681,-122.3329036,Starbucks,47.59907,-122.3326739,Seattle-Tacoma International Airport,47.4502499,-122.3088165,Bright Horizons at Pioneer Square,47.601696,-122.326403
247,ngmoco,San Francisco,USA,37.7705096,-122.4015807,Starbucks,37.770242,-122.403458,San Francisco International Airport,37.6213129,-122.3789554,Bright Horizons at Kansas Street,37.7666032,-122.403834
248,LeisureLogix,Tampa,USA,28.032975,-82.64611,Starbucks,28.0328913,-82.64787319999999,Tampa International Airport,27.9834776,-82.5370781,Primavera Preschool,28.0289345,-82.639376
249,ZManda,Sunnyvale,USA,37.3725243,-122.035963,Starbucks,37.37422,-122.032769,Norman Y. Mineta San Jose International Airport,37.3639472,-121.9289375,Daisy Daycare,37.3689677,-122.0330474
250,ELDR Media,Corte Madera,USA,37.9260091,-122.5162892,Starbucks,37.927706,-122.517131,Oakland International Airport,37.7125689,-122.2197428,New Moon Day Care,37.92547400000001,-122.5203461
251,Synchronica,Raleigh,USA,35.868807,-78.615986,Starbucks,35.866573,-78.620261,Raleigh-Durham International Airport,35.88007899999999,-78.7879963,Giggles Drop-In Child Care of Raleigh,35.8713244,-78.6211786
252,Occipital,Boulder,USA,40.018145,-105.278109,Starbucks,40.018733,-105.276647,Boulder Municipal Airport,40.0372597,-105.22812,Children's Alley,40.021276,-105.278092
253,Atigeo,Bellevue,USA,47.6174533,-122.2016685,Starbucks,47.6170443,-122.2021678,Seattle-Tacoma International Airport,47.4502499,-122.3088165,Bright Horizons at Bellevue,47.6144859,-122.2000619
254,Lyft,San Francisco,USA,37.7899027,-122.4007846,Starbucks,37.788673,-122.400874,San Francisco International Airport,37.6213129,-122.3789554,Bright Horizons,37.7921109,-122.4039273
255,Jumptap,Boston,USA,42.368633,-71.075305,Starbucks,42.367459,-71.076111,Boston Logan International Airport,42.3656132,-71.0095602,Whitehead Institute at Bright Horizons One Rogers Street,42.3664219,-71.0773064
256,Jumptap,New York City,USA,40.751478,-73.980305,Starbucks,40.7520837,-73.9811661,John F. Kennedy International Airport,40.6413111,-73.77813909999999,Park Avenue KinderCare,40.7504994,-73.97941
257,GoodGuide,San Francisco,USA,37.7983181,-122.4000032,Starbucks,37.797718,-122.401083,San Francisco International Airport,37.6213129,-122.3789554,Bright Horizons,37.7921109,-122.4039273
258,Picateers,San Mateo,USA,37.5574,-122.301914,Starbucks,37.554356,-122.30661,San Francisco International Airport,37.6213129,-122.3789554,Foster City Preschool and Daycare Center,37.5611488,-122.2969009
259,Lolapps,San Francisco,USA,37.7870923,-122.3999719,Starbucks,37.788673,-122.400874,San Francisco International Airport,37.6213129,-122.3789554,Bright Horizons at 2nd Street,37.7848078,-122.3948994
260,Hangout Industries,Boston,USA,42.352835,-71.0609612,Starbucks,42.3532457,-71.057698,Boston Logan International Airport,42.3656132,-71.0095602,Bright Horizons at Tufts Medical Center,42.3490058,-71.06237589999999
261,Pixelpipe,San Francisco,USA,37.764395,-122.401024,Starbucks,37.7658845,-122.4034908,San Francisco International Airport,37.6213129,-122.3789554,Bright Horizons at Kansas Street,37.7666032,-122.403834
262,ZManda,Sunnyvale,USA,37.3725243,-122.035963,Starbucks,37.37422,-122.032769,Norman Y. Mineta San Jose International Airport,37.3639472,-121.9289375,Daisy Daycare,37.3689677,-122.0330474
263,ELDR Media,Corte Madera,USA,37.9260091,-122.5162892,Starbucks,37.927706,-122.517131,Oakland International Airport,37.7125689,-122.2197428,New Moon Day Care,37.92547400000001,-122.5203461
264,Synchronica,Raleigh,USA,35.868807,-78.615986,Starbucks,35.866573,-78.620261,Raleigh-Durham International Airport,35.88007899999999,-78.7879963,Giggles Drop-In Child Care of Raleigh,35.8713244,-78.6211786
265,Occipital,Boulder,USA,40.018145,-105.278109,Starbucks,40.018733,-105.276647,Boulder Municipal Airport,40.0372597,-105.22812,Children's Alley,40.021276,-105.278092
266,Atigeo,Bellevue,USA,47.6174533,-122.2016685,Starbucks,47.6170443,-122.2021678,Seattle-Tacoma International Airport,47.4502499,-122.3088165,Bright Horizons at Bellevue,47.6144859,-122.2000619
267,Lyft,San Francisco,USA,37.7899027,-122.4007846,Starbucks,37.788673,-122.400874,San Francisco International Airport,37.6213129,-122.3789554,Bright Horizons,37.7921109,-122.4039273
268,Jumptap,Boston,USA,42.368633,-71.075305,Starbucks,42.367459,-71.076111,Boston Logan International Airport,42.3656132,-71.0095602,Whitehead Institute at Bright Horizons One Rogers Street,42.3664219,-71.0773064
269,Jumptap,New York City,USA,40.751478,-73.980305,Starbucks,40.7520837,-73.9811661,John F. Kennedy International Airport,40.6413111,-73.77813909999999,Park Avenue KinderCare,40.7504994,-73.97941
270,GoodGuide,San Francisco,USA,37.7983181,-122.4000032,Starbucks,37.797718,-122.401083,San Francisco International Airport,37.6213129,-122.3789554,Bright Horizons,37.7921109,-122.4039273
271,Picateers,San Mateo,USA,37.5574,-122.301914,Starbucks,37.554356,-122.30661,San Francisco International Airport,37.6213129,-122.3789554,Foster City Preschool and Daycare Center,37.5611488,-122.2969009
272,Lolapps,San Francisco,USA,37.7870923,-122.3999719,Starbucks,37.788673,-122.400874,San Francisco International Airport,37.6213129,-122.3789554,Bright Horizons at 2nd Street,37.7848078,-122.3948994
273,Hangout Industries,Boston,USA,42.352835,-71.0609612,Starbucks,42.3532457,-71.057698,Boston Logan International Airport,42.3656132,-71.0095602,Bright Horizons at Tufts Medical Center,42.3490058,-71.06237589999999
274,Pixelpipe,San Francisco,USA,37.764395,-122.401024,Starbucks,37.7658845,-122.4034908,San Francisco International Airport,37.6213129,-122.3789554,Bright Horizons at Kansas Street,37.7666032,-122.403834
275,LiveHive Systems,Waterloo,CAN,43.474686,-80.521246,Starbucks,43.4763516,-80.5253082,Region of Waterloo International Airport,43.4557903,-80.3858475,Emmanuel at Brighton Child Care,43.4716121,-80.520299
276,Buzzd,New York,USA,40.733928,-73.991334,Starbucks,40.7350543,-73.98980399999999,John F. Kennedy International Airport,40.6413111,-73.77813909999999,LAC Early Childhood Center,40.7319904,-73.9970649
277,Gowalla,Austin,USA,30.2729209,-97.7443863,Starbucks,30.271906,-97.74116099999999,Austin-Bergstrom International Airport,30.19747109999999,-97.66635289999999,Nannies From the Heart,30.2764354,-97.74629619999999
278,Ziva Software,Bangalore,IND,12.973784,77.64359,Eddy's Cafe,12.973737,77.64504900000001,Kempegowda International Airport Bengaluru,13.1986348,77.7065928,"KLAY Preschool and DayCare, Indiranagar",12.9735839,77.6404482
279,CityVoter,Cambridge,USA,42.358184,-71.106389,Starbucks,42.3544178,-71.1057659,Boston Logan International Airport,42.3656132,-71.0095602,Bright Horizons at University Park,42.3627654,-71.1011714
280,PicApp,San Francisco,USA,37.79402,-122.4031242,Starbucks,37.792846,-122.404304,San Francisco International Airport,37.6213129,-122.3789554,Bright Horizons,37.7921109,-122.4039273
281,Groupon,Chicago,USA,41.8965162,-87.643622,Starbucks,41.896293,-87.641201,O'Hare International Airport,41.9741625,-87.9073214,City Children's Academy,41.8960359,-87.64859679999999
282,Finsphere,Bellevue,USA,47.614761,-122.198904,Starbucks,47.6142511,-122.1991481,Seattle-Tacoma International Airport,47.4502499,-122.3088165,Bright Horizons at Bellevue,47.6144859,-122.2000619
283,Smule,San Francisco,USA,37.779624,-122.391236,Starbucks,37.777035,-122.393641,San Francisco International Airport,37.6213129,-122.3789554,Bright Horizons at 2nd Street,37.7848078,-122.3948994
284,One Season,San Francisco,USA,37.775196,-122.419204,Starbucks,37.7770595,-122.417347,San Francisco International Airport,37.6213129,-122.3789554,Marin Day Schools San Francisco City Hall,37.7790496,-122.4188532
285,Avaak,San Diego,USA,32.897274,-117.201076,Starbucks,32.893688,-117.203261,San Diego International Airport,32.7338006,-117.1933038,Sorrento Valley KinderCare,32.9005199,-117.1931282
286,Reframe It,San Francisco,USA,37.782163,-122.400591,Starbucks,37.784833,-122.39996,San Francisco International Airport,37.6213129,-122.3789554,Bright Horizons at 2nd Street,37.7848078,-122.3948994
287,Poptent,Conshohocken,USA,40.0018743,-75.2747196,Starbucks,40.002228,-75.274686,Philadelphia International Airport,39.8743959,-75.2424229,The Margaret S. Mahler Child Development Foundation,40.004769,-75.2792489
288,kooaba,Z&#252;rich,CHE,47.389909,8.516049,Nuovo,47.3904563,8.510270499999999,Zurich Airport,47.4582165,8.5554755,KiddieLand Bilingual Childcare and Kindergarten,47.3926362,8.524659999999999
289,Nexenta Systems,Santa Clara,USA,37.444098,-122.161287,Starbucks,37.446791,-122.160561,San Francisco International Airport,37.6213129,-122.3789554,Downtown Palo Alto KinderCare,37.4420759,-122.1575523
290,Formspring,San Francisco,USA,39.9052263,-86.0547016,Starbucks,39.905484,-86.051715,Indianapolis International Airport,39.7168593,-86.2955952,Adventure Academy,39.9085911,-86.0498964
291,For Your Imagination,New York,USA,40.744594,-73.989698,Starbucks,40.743839,-73.988846,John F. Kennedy International Airport,40.6413111,-73.77813909999999,Ivy Prep Early Learning Academy,40.7450001,-73.9909175
292,ReverbNation,New York,USA,40.718888,-74.001169,Starbucks,40.718252,-73.999961,John F. Kennedy International Airport,40.6413111,-73.77813909999999,SoHo Child Care,40.7233739,-74.0010602
293,SureSpeak,Chicago,USA,41.889183,-87.632519,Starbucks,41.89016000000001,-87.63125099999999,O'Hare International Airport,41.9741625,-87.9073214,Nannies of Children's Learning Place,41.889873,-87.627482
294,Pumant,Birmingham,GBR,52.482932,-1.893621,Starbucks,52.48035530000001,-1.8970158,Birmingham Airport,52.45238209999999,-1.7435071,Early Years & Family Support,52.4856342,-1.8927276
295,Ozone Media Solutions,Bangalore,IND,12.971606,77.594376,Starbucks Vittal Mallya Road,12.9712028,77.5980593,Kempegowda International Airport Bengaluru,13.1986348,77.7065928,"KLAY Preschool and DayCare, Lavelle Road",12.9687586,77.5973576
296,DocVerse,San Francisco,USA,37.788115,-122.397141,Starbucks,37.789545,-122.397592,San Francisco International Airport,37.6213129,-122.3789554,Bright Horizons at 2nd Street,37.7848078,-122.3948994
297,Yipit,New York,USA,40.744618,-73.987764,Starbucks,40.7449904,-73.9868247,John F. Kennedy International Airport,40.6413111,-73.77813909999999,Ivy Prep Early Learning Academy,40.7450001,-73.9909175
298,Open-Xchange,Olpe,DEU,51.029415,7.850863,Café SCHRÖDER'S,51.0269324,7.8445271,Rau Transfer Ihr Flughafen- und Personentransfer Klaus Rau,51.223677,7.610481999999999,KiG Kinder im Ganztag gGmbH,51.0269114,7.8476426
299,TRX Systems,Greenbelt,USA,38.9916581,-76.879257,Starbucks,38.992202,-76.87811599999999,Ronald Reagan Washington National Airport,38.851242,-77.04023149999999,A Family's Touch Home Daycare,38.992507,-76.87266199999999
300,DeepDyve,Sunnyvale,USA,37.377787,-122.029217,Starbucks,37.37645,-122.031566,Norman Y. Mineta San Jose International Airport,37.3639472,-121.9289375,SUN&MOON Family Daycare,37.3840575,-122.0365018
301,Trustpilot,Copenhagen V,DNK,55.6739617,12.5605372,Starbucks,55.6728822,12.5642771,Copenhagen Airport,55.6180236,12.6507628,Ditte's private day care,55.6760968,12.5683372
302,Movirtu,London,GBR,51.5499708,-0.1815999,Starbucks,51.5477021,-0.1825006,Heathrow Airport,51.4700223,-0.4542955,"Gloucester House, The Tavistock Children's Day Unit",51.5507205,-0.1743042
303,WiChorus,San Jose,USA,37.409096,-121.943191,Starbucks,37.406443,-121.941791,Norman Y. Mineta San Jose International Airport,37.3639472,-121.9289375,Families @ 1st,37.4071364,-121.9449622
304,Momail,Stockholm,SWE,59.3359806,18.075506,Starbucks,59.33625989999999,18.0718024,Bromma Stockholm Airport,59.354812,17.9427217,Fröken Malms Barnvaktsbyrå AB,59.33593089999999,18.0735471
305,Synthesio,New York,USA,40.7431836,-73.9935011,Starbucks,40.741873,-73.993326,John F. Kennedy International Airport,40.6413111,-73.77813909999999,Ivy Prep Early Learning Academy,40.7450001,-73.9909175
306,People Capital,New York,USA,40.756054,-73.986951,Starbucks,40.7567274,-73.9858802,John F. Kennedy International Airport,40.6413111,-73.77813909999999,Star America Preschool,40.7607112,-73.9870432
307,expressor software,Burlington,USA,42.485102,-71.211568,Starbucks,42.4863948,-71.2121944,Boston Logan International Airport,42.3656132,-71.0095602,Mall Rd Knowledge Beginnings,42.4883461,-71.2024982
308,Viigo,Toronto,CAN,43.6490004,-79.3723339,Starbucks,43.6487479,-79.37251189999999,Toronto Pearson International Airport,43.67771760000001,-79.6248197,Kids & Company,43.650027,-79.378491
309,Modelinia,New York,USA,40.739867,-73.990024,Starbucks,40.7416919,-73.9902943,John F. Kennedy International Airport,40.6413111,-73.77813909999999,Bright Steps Daycare & Preschool,40.7351711,-73.9843688
310,Coveroo,San Francisco,USA,37.770067,-122.407603,Starbucks,37.770242,-122.403458,San Francisco International Airport,37.6213129,-122.3789554,Bright Horizons at Kansas Street,37.7666032,-122.403834
311,StockTwits,San Diego,USA,32.7161896,-117.168697,Starbucks,32.7159756,-117.1688525,San Diego International Airport,32.7338006,-117.1933038,The Barry Ted Moskowitz Child Care Center,32.7143257,-117.1653527
312,Rudder,Houston,USA,29.739322,-95.444747,Starbucks,29.741458,-95.447541,George Bush Intercontinental Airport,29.9902199,-95.3367827,The Childhood Center,29.737562,-95.437165
313,Green Apple Media,Dublin,IRL,53.3438298,-6.2689465,Starbucks Crampton Quay,53.346055,-6.2623945,Dublin Airport,53.42644809999999,-6.249909799999999,Noor Community Centre for Kids (NCCK),53.3379075,-6.2786219
314,Proclivity Systems,New York,USA,40.738954,-73.992,Starbucks,40.740442,-73.99122799999999,John F. Kennedy International Airport,40.6413111,-73.77813909999999,Patricia Carbine Children Center,40.7430573,-73.98617
315,IMedExchange,Seattle,USA,47.6136485,-122.3371174,Starbucks,47.615222,-122.338094,Seattle-Tacoma International Airport,47.4502499,-122.3088165,Seattle KinderCare,47.614766,-122.3353167
316,BeliefNetworks,Charleston,USA,32.783932,-79.999591,Starbucks,32.7835115,-79.995437,Charleston International Airport,32.8942676,-80.038159,Roper Learning Center,32.7816542,-79.9944493
317,BeliefNetworks,New York,USA,40.746944,-73.983926,Starbucks,40.74850250000001,-73.9851667,John F. Kennedy International Airport,40.6413111,-73.77813909999999,Park Avenue KinderCare,40.7504994,-73.97941
318,Robotgalaxy,New York,USA,40.737216,-73.990947,Starbucks,40.73634699999999,-73.99107599999999,John F. Kennedy International Airport,40.6413111,-73.77813909999999,Bright Steps Daycare & Preschool,40.7351711,-73.9843688
319,Sonopia,Menlo Park,USA,37.477944,-122.151234,Starbucks,37.480185,-122.151151,San Francisco International Airport,37.6213129,-122.3789554,Carosel Child Care,37.47303,-122.156564
320,WildBlue,Englewood,USA,39.6478,-104.9875,Starbucks,39.6517307,-104.9843169,Denver International Airport,39.8560963,-104.6737376,Sunny Learning Center & Daycare,39.6477653,-104.9877597
321,Iken Solutions,Buenos Aires,ARG,-34.4942649,-58.5511077,Starbucks,-34.4909427,-58.54775830000001,Aeroparque Internacional Jorge Newbery,-34.5580305,-58.4170088,Kumon,-34.4931953,-58.55246400000001
322,Fuego Nation,San Francisco,USA,37.775196,-122.419204,Starbucks,37.7770595,-122.417347,San Francisco International Airport,37.6213129,-122.3789554,Marin Day Schools San Francisco City Hall,37.7790496,-122.4188532
323,Dragonfly,New York,USA,40.756054,-73.986951,Starbucks,40.7567274,-73.9858802,John F. Kennedy International Airport,40.6413111,-73.77813909999999,Star America Preschool,40.7607112,-73.9870432
324,RJMetrics,Philadelphia,USA,39.9443552,-75.1257381,Starbucks,39.948001,-75.122455,Philadelphia International Airport,39.8743959,-75.2424229,El Centro Comunal Borincano Daycare,39.9421827,-75.1212161
325,Aquest Systems,Sunnyvale,USA,37.390956,-122.032795,Starbucks,37.3882714,-122.0303535,Norman Y. Mineta San Jose International Airport,37.3639472,-121.9289375,BAMBI FAMILY DAY CARE,37.3892446,-122.0257412
326,Double Fusion,San Francisco,USA,37.7887135,-122.3927145,Starbucks,37.789905,-122.394609,San Francisco International Airport,37.6213129,-122.3789554,Bright Horizons at 2nd Street,37.7848078,-122.3948994
327,5th Finger,San Francisco,USA,37.7900992,-122.4021988,Starbucks,37.7884614,-122.4034092,San Francisco International Airport,37.6213129,-122.3789554,Bright Horizons,37.7921109,-122.4039273
328,Pano Logic,Menlo Park,USA,37.477037,-122.15164,Starbucks,37.480185,-122.151151,San Francisco International Airport,37.6213129,-122.3789554,Carosel Child Care,37.47303,-122.156564
329,Xumii,San Mateo,USA,37.563585,-122.324621,Starbucks,37.562897,-122.323927,San Francisco International Airport,37.6213129,-122.3789554,Muslim Children's Garden,37.5688834,-122.3278373
330,ScaleMP,Cupertino,USA,37.3229727,-122.0385792,Starbucks,37.3239724,-122.03642,Norman Y. Mineta San Jose International Airport,37.3639472,-121.9289375,Happy Days Child Development,37.3248742,-122.0375632
331,Nangate,New Delhi,IND,28.53536,77.2419522,Starbucks,28.5341408,77.2429429,Indira Gandhi International Airport,28.5561624,77.0999578,Footprints: Play School & Day Care Creche,28.536958,77.24212399999999
332,Certess,Campbell,USA,37.295516,-121.960102,Starbucks,37.2946671,-121.9627709,Norman Y. Mineta San Jose International Airport,37.3639472,-121.9289375,SmallDayChildCare,37.30196,-121.9539
333,Heyzap,San Francisco,USA,37.7905538,-122.4041485,Starbucks,37.790431,-122.40576,San Francisco International Airport,37.6213129,-122.3789554,Bright Horizons,37.7921109,-122.4039273
334,Meez,San Francisco,USA,37.785271,-122.397582,Starbucks,37.784833,-122.39996,San Francisco International Airport,37.6213129,-122.3789554,Bright Horizons at 2nd Street,37.7848078,-122.3948994
335,PEX Card,New York,USA,40.752539,-73.987871,Starbucks,40.751009,-73.987141,John F. Kennedy International Airport,40.6413111,-73.77813909999999,Manhattan Nursery School,40.7477712,-73.9874152
336,Open Kernel Labs,Chicago,USA,41.878984,-87.637,Starbucks,41.8785737,-87.638801,O'Hare International Airport,41.9741625,-87.9073214,Bright Horizons Chicago West,41.8808419,-87.64076949999999
337,Xangati,San Jose,USA,37.32136,-122.014616,Starbucks,37.323404,-122.011309,Norman Y. Mineta San Jose International Airport,37.3639472,-121.9289375,Bee's Knees Childcare,37.3215986,-122.0153812
338,Neuralitic Systems,"MontrÃ©al, Qc",CAN,45.5044288,-73.5570651,Starbucks,45.5054333,-73.5582776,Montréal-Pierre Elliott Trudeau International Airport,45.46568509999999,-73.7454814,Centre de la PetiteEnfance Le Petit Palais,45.50689999999999,-73.5557917
339,Mobius Microsystems,Sunnyvale,USA,37.377787,-122.029217,Starbucks,37.37645,-122.031566,Norman Y. Mineta San Jose International Airport,37.3639472,-121.9289375,SUN&MOON Family Daycare,37.3840575,-122.0365018
340,Appscio,Freedom,USA,36.9397206,-121.7768449,Starbucks,36.938362,-121.777215,Watsonville Municipal Airport,36.9342609,-121.7878176,Vista Verde Child Development Center,36.9365596,-121.7747893
341,Comixology,New York,USA,40.740512,-73.987794,Starbucks,40.740194,-73.986767,John F. Kennedy International Airport,40.6413111,-73.77813909999999,Ivy Prep Early Learning Academy,40.7450001,-73.9909175
342,Apprion,Mountain View,USA,37.417485,-122.075789,Starbucks,37.415785,-122.077546,San Francisco International Airport,37.6213129,-122.3789554,Betty's Butterflies Daycare,37.4129882,-122.0818582
343,Vantrix,"Montreal, Quebec",CAN,45.4949481,-73.5740025,Starbucks,45.4966371,-73.5729952,Montréal-Pierre Elliott Trudeau International Airport,45.46568509999999,-73.7454814,Maison Kinder Montreal,45.4920258,-73.5772022
344,Quantum Secure,San Jose,USA,37.367838,-121.915594,Starbucks,37.37096289999999,-121.9171986,Norman Y. Mineta San Jose International Airport,37.3639472,-121.9289375,Child Development Center,37.3630471,-121.9123915
345,KODA,San Francisco,USA,37.788796,-122.40971,Starbucks,37.7872876,-122.4074322,San Francisco International Airport,37.6213129,-122.3789554,Bright Horizons,37.7921109,-122.4039273
346,Mobifusion,,USA,37.552104,-121.9780378,Starbucks,37.553362,-121.973852,Oakland International Airport,37.7125689,-122.2197428,Fremont KinderCare,37.555999,-121.98452
347,Medio,Seattle,USA,47.611827,-122.331308,Starbucks,47.612256,-122.33375,Seattle-Tacoma International Airport,47.4502499,-122.3088165,Seattle KinderCare,47.614766,-122.3353167
348,Socialize,San Francisco,USA,38.88521,-76.998641,Starbucks,38.88364199999999,-76.99518599999999,Ronald Reagan Washington National Airport,38.851242,-77.04023149999999,Little Scholars Child Development,38.889373,-76.997986
349,Etology,Foster City,USA,37.561111,-122.270487,Starbucks,37.559204,-122.2673,San Francisco International Airport,37.6213129,-122.3789554,Foster City KinderCare,37.5606494,-122.2721339
350,Casabi,Campbell,USA,37.293687,-121.934573,Starbucks,37.292828,-121.930574,Norman Y. Mineta San Jose International Airport,37.3639472,-121.9289375,Noah's Ark Childrens Learning,37.2953163,-121.9423335
351,Casabi,Paris,FRA,48.8722501,2.3283343,Starbucks Coffee,48.87024719999999,2.3273903,Paris-Charles De Gaulle,49.0096906,2.5479245,Crèche Bulles De Savon - Crèches De France,48.876316,2.337288
352,Space-Time Insight,San Mateo,USA,37.555773,-122.27977,Starbucks,37.5590258,-122.2830814,San Francisco International Airport,37.6213129,-122.3789554,Foster City KinderCare,37.5606494,-122.2721339
353,WANdisco,Sheffield,GBR,53.3800107,-1.4629301,Starbucks Coffee,53.3803827,-1.4679516,Doncaster Sheffield Airport,53.480911,-1.0077734,SADACCA Day Care Centre,53.386681,-1.4628101
354,Delphix,Menlo Park,USA,37.4239496,-122.1011815,Starbucks,37.4218,-122.096419,San Francisco International Airport,37.6213129,-122.3789554,The Frog Pond,37.418211,-122.106714
355,Zapproved,Portland,USA,45.5251,-122.8097,Starbucks,45.5278548,-122.814877,Portland International Airport,45.58976939999999,-122.5950942,Pomme D'Api Daycare,45.529313,-122.801144
356,Mashup Arts,Halifax,CAN,43.648786,-79.3777473,Starbucks,43.64928219999999,-79.3782595,Toronto Pearson International Airport,43.67771760000001,-79.6248197,Kids & Company,43.64641779999999,-79.3822795
357,Tinychat,Glen Cove,USA,42.3756409,-72.5196907,Starbucks,42.376776,-72.51961899999999,Northampton Airport - 7B2,42.328042,-72.6127894,Spring Street Preschool,42.3751311,-72.5165407
358,Punch Entertainment,Palo Alto,USA,37.4233698,-122.0986859,Starbucks,37.4218,-122.096419,San Francisco International Airport,37.6213129,-122.3789554,The Frog Pond,37.418211,-122.106714
359,YOUnite,Mountain View,USA,37.388077,-122.08316,Starbucks,37.387571,-122.083068,San Francisco International Airport,37.6213129,-122.3789554,Barbara Bird's Little Birdies Daycare,37.3879761,-122.0901578
360,Intercasting,San Diego,USA,32.718834,-117.163841,Starbucks,32.7153536,-117.1613505,San Diego International Airport,32.7338006,-117.1933038,The Barry Ted Moskowitz Child Care Center,32.7143257,-117.1653527
361,L4 Mobile,Seattle,USA,47.676762,-122.2049192,Starbucks,47.675855,-122.206581,Seattle-Tacoma International Airport,47.4502499,-122.3088165,Bright Horizons at Kirkland,47.6765778,-122.1989228
362,Crispy Gamer,New York,USA,40.750597,-73.985273,Starbucks,40.751009,-73.987141,John F. Kennedy International Airport,40.6413111,-73.77813909999999,Park Avenue KinderCare,40.7504994,-73.97941
363,Viridity Software,Burlington,USA,42.4871509,-71.1986329,Starbucks,42.48478600000001,-71.1935233,Boston Logan International Airport,42.3656132,-71.0095602,Mall Rd Knowledge Beginnings,42.4883461,-71.2024982
364,Optify,Seattle,USA,47.603364,-122.333359,Starbucks,47.6041558,-122.3308269,Seattle-Tacoma International Airport,47.4502499,-122.3088165,Cosmopolitan Kids Downtown Academy,47.60568610000001,-122.3349966
365,Evostor,Campbell,USA,37.232902,-121.964385,Starbucks Reserve,37.235607,-121.964498,Norman Y. Mineta San Jose International Airport,37.3639472,-121.9289375,Kiddie Kampus,37.2314541,-121.964379
366,IGLOO Software,Kitchener,CAN,43.4496954,-80.487328,Starbucks,43.451029,-80.4927252,Region of Waterloo International Airport,43.4557903,-80.3858475,YWCA City Kids Daycare,43.4518102,-80.4924454
367,Jama Software,Portland,USA,45.5309644,-122.68038,Starbucks,45.52990399999999,-122.6825529,Portland International Airport,45.58976939999999,-122.5950942,WeVillage: Flexible Childcare,45.5263232,-122.6817753
368,iPharro Media,New York,USA,40.7438356,-73.9890149,Starbucks,40.7449904,-73.9868247,John F. Kennedy International Airport,40.6413111,-73.77813909999999,Ivy Prep Early Learning Academy,40.7450001,-73.9909175
369,Rebit,Longmont,USA,40.146898,-105.1350397,Starbucks,40.147331,-105.13144,Boulder Municipal Airport,40.0372597,-105.22812,Primrose School of Longmont,40.142437,-105.136013
370,SpaBooker,New York,USA,40.738567,-73.987199,Starbucks,40.740194,-73.986767,John F. Kennedy International Airport,40.6413111,-73.77813909999999,Bright Steps Daycare & Preschool,40.7351711,-73.9843688
371,Zinwave,Woodland Hills,USA,34.185596,-118.596228,Starbucks,34.187788,-118.599239,Los Angeles International Airport,33.9415889,-118.40853,Open Food Program,34.18219,-118.602651
372,Infobright,"Toronto, Ontario",CAN,43.6490631,-79.3749698,Starbucks,43.6487479,-79.37251189999999,Toronto Pearson International Airport,43.67771760000001,-79.6248197,Kids & Company,43.650027,-79.378491
373,Transfer To,Singapore,SGP,1.3006925,103.8575356,Starbucks,1.2994685,103.8559677,Singapore Changi Airport,1.3644202,103.9915308,LeClare Preschool,1.296941,103.857068
374,Transfer To,Palo Alto,USA,40.705255,-74.010983,Starbucks,40.706806,-74.012968,John F. Kennedy International Airport,40.6413111,-73.77813909999999,Bright Horizons at 20 Pine,40.7077576,-74.0097205
375,GameChanger Media,New York,USA,40.7078343,-74.0136605,Starbucks,40.706806,-74.012968,John F. Kennedy International Airport,40.6413111,-73.77813909999999,Bright Horizons at 20 Pine,40.7077576,-74.0097205
376,Z2Live,Seattle,USA,47.6103008,-122.3399782,Starbucks,47.610021,-122.342583,Seattle-Tacoma International Airport,47.4502499,-122.3088165,Seattle KinderCare,47.614766,-122.3353167
377,Tongal,Santa Monica,USA,34.007112,-118.489748,Starbucks,34.010735,-118.4915543,Los Angeles International Airport,33.9415889,-118.40853,First Step Nursery School,34.0018102,-118.4825478
378,Ranker,Los Angeles,USA,34.1012181,-118.325739,Starbucks,34.101484,-118.3265,Los Angeles International Airport,33.9415889,-118.40853,Angelica's Daycare,34.095946,-118.323159
379,Musicmetric,London,GBR,51.5253765,-0.0856982,Starbucks Coffee,51.5262525,-0.08800519999999999,Heathrow Airport,51.4700223,-0.4542955,Broadgate Nursery,51.522598,-0.08094029999999999
380,Openbravo,Barcelona,ESP,41.3935324,2.1660785,Starbucks,41.3929045,2.1654015,Josep Tarradellas Barcelona-El Prat Airport,41.297445,2.0832941,Escola Bressol Petits,41.39739060000001,2.1691824
381,Newser,Chicago,USA,41.879535,-87.624333,Starbucks,41.879435,-87.624625,O'Hare International Airport,41.9741625,-87.9073214,Bright Horizons at Cook County/City of Chicago Child Development Center,41.882722,-87.62976680000001
382,Basho Technologies,Cambridge,USA,42.365867,-71.092285,Starbucks,42.363889,-71.087833,Boston Logan International Airport,42.3656132,-71.0095602,Bright Horizons at Kendall Square,42.3686242,-71.0900285
383,Factery,Menlo Park,USA,37.4484914,-122.1802812,Starbucks,37.4509304,-122.178747,San Francisco International Airport,37.6213129,-122.3789554,Fio's home daycare,37.446726,-122.1766234
384,Busca Corp,La Jolla,USA,32.841791,-117.274602,Starbucks,32.842596,-117.271991,San Diego International Airport,32.7338006,-117.1933038,Mimi's House Home Day Care of La Jolla,32.8372652,-117.2755277
385,Busca Corp,Mexico City,MEX,19.4164309,-99.1651395,Starbucks,19.4131554,-99.1673149,Mexico City International Airport,19.4360762,-99.07190829999999,Centro de Educacion Inicial a B C Guarderia,19.413139,-99.163682
386,Milo,Palo Alto,USA,37.444531,-122.163352,Starbucks,37.446791,-122.160561,San Francisco International Airport,37.6213129,-122.3789554,Downtown Palo Alto KinderCare,37.4420759,-122.1575523
387,Kidlandia,SAN FRANCISCO,USA,37.8017938,-122.4043215,Starbucks,37.802887,-122.402977,San Francisco International Airport,37.6213129,-122.3789554,Bright Horizons at 1700 Montgomery Street,37.805206,-122.404693
388,textPlus,Marina del Rey,USA,33.984469,-118.43679,Starbucks,33.985106,-118.43958,Los Angeles International Airport,33.9415889,-118.40853,Redwood Village Children's Center,33.9887067,-118.4368386
389,VKernel Corporation,Boston,USA,42.3497366,-71.0491901,Starbucks,42.3514618,-71.0504454,Boston Logan International Airport,42.3656132,-71.0095602,Sunrise Learning Academy,42.3460977,-71.05100949999999
390,Shareaholic,Boston,USA,42.3647559,-71.1032591,Starbucks,42.365628,-71.10375,Boston Logan International Airport,42.3656132,-71.0095602,Rock and Roll Daycare Central Square,42.3694209,-71.1006245
391,Sand 9,Cambridge,USA,42.3488891,-71.1068046,Starbucks,42.35115330000001,-71.1089588,Boston Logan International Airport,42.3656132,-71.0095602,Bright Horizons at Brookline Ave / Landmark,42.3445931,-71.1025232
392,First Coverage,"Toronto, ON",CAN,43.6878093,-79.3958388,Starbucks,43.68851189999999,-79.39393,Toronto Pearson International Airport,43.67771760000001,-79.6248197,Playworks Preschool,43.6866359,-79.3933552
393,First Coverage,Boston,USA,42.356931,-71.053991,Starbucks,42.358178,-71.054299,Boston Logan International Airport,42.3656132,-71.0095602,School Street KinderCare,42.35765110000001,-71.05966599999999
394,Bigfoot Networks,Redwood City,USA,37.536402,-122.325129,Starbucks,37.534018,-122.326154,San Francisco International Airport,37.6213129,-122.3789554,Laurelwood Day Care,37.5312346,-122.3249014
395,Firm58,Chicago,USA,41.879641,-87.6425816,Starbucks,41.8794042,-87.6408727,O'Hare International Airport,41.9741625,-87.9073214,Bright Horizons Chicago West,41.8808419,-87.64076949999999
396,Firm58,New York,USA,40.766734,-73.988265,Starbucks,40.76915,-73.988233,John F. Kennedy International Airport,40.6413111,-73.77813909999999,Bright Horizons at Midtown West,40.7667755,-73.9874458
397,Elanti Systems,Somerset,USA,40.535316,-74.521435,Micro starbucks,40.5370435,-74.5192521,Newark Liberty International Airport,40.6895314,-74.1744624,The Goddard School of Somerset,40.5296538,-74.5207858
398,Marketcetera,San Francisco,USA,37.788864,-122.4008487,Starbucks,37.7884614,-122.4034092,San Francisco International Airport,37.6213129,-122.3789554,Bright Horizons at 2nd Street,37.7848078,-122.3948994
399,Veeva,Pleasanton,USA,37.69249,-121.900722,Starbucks,37.689071,-121.902522,Oakland International Airport,37.7125689,-122.2197428,Child Care Links,37.6978979,-121.90804
400,Garlik,New York,USA,40.7615818,-73.970624,Starbucks,40.7631,-73.97247,John F. Kennedy International Airport,40.6413111,-73.77813909999999,Bright Horizons at Lexington,40.7572872,-73.9712797
401,Saavn,New York,USA,40.743877,-73.98618,Starbucks,40.7449904,-73.9868247,John F. Kennedy International Airport,40.6413111,-73.77813909999999,Ivy Prep Early Learning Academy,40.7450001,-73.9909175
402,Social Solutions,Baltimore,USA,39.281734,-76.581864,Starbucks,39.280753,-76.580356,Baltimore/Washington International Thurgood Marshall Airport,39.1774042,-76.6683922,Fitness Fun & Games,39.2858152,-76.5761909
403,PlantSense,San Francisco,USA,37.7697623,-122.4183929,Starbucks,37.7700385,-122.4161985,San Francisco International Airport,37.6213129,-122.3789554,Holy Family Day Home,37.7648561,-122.4261844
404,My-Hammer,Berlin,DEU,52.5092312,13.3883606,Starbucks,52.5111048,13.3899791,Berlin-Tegel Airport,52.5588327,13.2884374,Kindergärten City,52.51179,13.39688
405,The Resumator,Pittsburgh,USA,40.438423,-80.001933,Starbucks,40.440254,-80.002256,Pittsburgh International Airport,40.4957722,-80.24131129999999,Metropolitan Preschool and Nursery,40.43980699999999,-79.999766
406,OutSmart Power Systems,Natick,USA,42.2968126,-71.3876282,Starbucks,42.298067,-71.38710499999999,Norwood Memorial Airport,42.1919985,-71.17662179999999,"Next Generation Children's Centers, Natick",42.295231,-71.38641199999999
407,ShopSavvy,San Francsico,USA,37.7770719,-122.3966273,Starbucks,37.77867,-122.396701,San Francisco International Airport,37.6213129,-122.3789554,Modern Education Family Childcare - Mission Bay,37.772911,-122.391764
408,BeeTV,Milan,ITA,45.4636889,9.1881408,STARBUCKS RESERVE® ROASTERY Milano,45.4648798,9.186104499999999,Milan Linate Airport,45.452176,9.276308,ilmioSupereroe.it,45.4595451,9.1831217
409,GameGround,New York,USA,40.756054,-73.986951,Starbucks,40.7567274,-73.9858802,John F. Kennedy International Airport,40.6413111,-73.77813909999999,Star America Preschool,40.7607112,-73.9870432
410,Althea Systems,Bangalore,IND,12.9349604,77.6136847,Starbucks Coffee House,12.9351626,77.6134972,Kempegowda International Airport Bengaluru,13.1986348,77.7065928,Sumi & Kidz,12.9365389,77.6199578
411,isango!,London,GBR,51.519816,-0.1361616,Starbucks Coffee,51.52070879999999,-0.134725,Heathrow Airport,51.4700223,-0.4542955,Westminster Kingsway College Childcare,51.52624540000001,-0.141097
412,Ykone,Paris,FRA,48.8566667,2.3509871,Starbucks Coffee,48.85894820000001,2.3481632,Paris-Charles De Gaulle,49.0096906,2.5479245,Day Care Municipal - Lobau,48.8560309,2.3529509
413,Moviepilot,Los Angeles,USA,34.0522342,-118.2436849,Starbucks,34.050984,-118.242338,Los Angeles International Airport,33.9415889,-118.40853,Grace Iino Children's Center,34.0484039,-118.2435712
414,FastSoft,Pasadena,USA,34.142973,-118.140553,Starbucks,34.145683,-118.143233,Los Angeles International Airport,33.9415889,-118.40853,The Academy at Pasadena: A Bright Horizons Preschool,34.1443595,-118.1355963
415,Layar,Amsterdam,NLD,52.3657578,4.8928722,STARBUCKS COFFEE Bloemenmarkt Shop,52.36699789999999,4.8896652,Amsterdam Airport Schiphol,52.3105386,4.7682744,KinderRijk KDV Binnengasthuisstraat,52.36859339999999,4.8940635
416,Accellos,Colorado Springs,USA,38.833716,-104.826256,Starbucks,38.8336121,-104.8266909,Colorado Springs Airport,38.801712,-104.7026039,Court Care for the Pikes Peak Region,38.8299415,-104.8246075
417,Pontis,Capital Federal,ARG,-34.5631882,-58.4541925,Starbucks,-34.5628359,-58.4562772,Ezeiza International Airport,-34.8150044,-58.53482839999999,VINCENT KIDS Blanquería y Decoración Infantil,-34.5678146,-58.45509629999999
418,Omni-ID,Foster City,USA,37.561111,-122.270487,Starbucks,37.559204,-122.2673,San Francisco International Airport,37.6213129,-122.3789554,Foster City KinderCare,37.5606494,-122.2721339
419,Edgeware,San Jose,USA,37.3403284,-121.8864433,Starbucks,37.33738,-121.888408,Norman Y. Mineta San Jose International Airport,37.3639472,-121.9289375,San Jose Day Nursery,37.3401349,-121.8838638
420,FireScope,Sydney,AUS,-33.867139,151.207114,Starbucks,-33.8652185,151.2054493,Sydney Airport,-33.9399228,151.1752764,Kids Club Child Care Clarence Centre,-33.8660423,151.2046213
421,High Gear Media,Menlo Park,USA,37.445335,-122.15833,Starbucks,37.446791,-122.160561,San Francisco International Airport,37.6213129,-122.3789554,Downtown Palo Alto KinderCare,37.4420759,-122.1575523
422,ChallengePost,New York,USA,40.7408042,-74.00717,Starbucks Reserve New York Roastery,40.7405581,-74.0059674,John F. Kennedy International Airport,40.6413111,-73.77813909999999,Bright Horizons at West 14th,40.7397696,-74.0018061
423,DeciZium,San Jose,USA,37.337756,-121.89435,Starbucks,37.335283,-121.892859,Norman Y. Mineta San Jose International Airport,37.3639472,-121.9289375,Anas family daycare,37.3382082,-121.8863286
424,StyleCaster,New York City,USA,40.7450497,-73.9900984,Starbucks,40.743839,-73.988846,John F. Kennedy International Airport,40.6413111,-73.77813909999999,Ivy Prep Early Learning Academy,40.7450001,-73.9909175
425,Teambox,Barcelona,ESP,41.4063346,2.1920231,Starbucks,41.4049021,2.1912858,Josep Tarradellas Barcelona-El Prat Airport,41.297445,2.0832941,Llar D'infants Milton 2,41.4100255,2.1843402
426,Testplant,London,GBR,51.517356,-0.1037742,Starbucks,51.5165386,-0.1033868,Heathrow Airport,51.4700223,-0.4542955,Bright Horizons City Child Nursery and Preschool,51.5210529,-0.09577129999999999
427,Testplant,Boulder,USA,40.0230047,-105.2532841,Starbucks,40.021885,-105.25653,Boulder Municipal Airport,40.0372597,-105.22812,KinderCare Learning Center at UCAR,40.02956,-105.24871
428,Clavis Technology,Cambridge,USA,42.3626626,-71.084153,Starbucks,42.363041,-71.08592999999999,Boston Logan International Airport,42.3656132,-71.0095602,TSC Child Care Center,42.3642493,-71.0848254
429,Equiendo,Nangor Road,IRL,53.3370743,-6.2518914,Starbucks Stephens Green,53.33932220000001,-6.2575115,Dublin Airport,53.42644809999999,-6.249909799999999,Parkland Nursery,53.33571449999999,-6.2440045
430,Tiny Speck,Vancouver,CAN,49.2824551,-123.109217,Starbucks,49.2844427,-123.108513,Vancouver International Airport,49.1966913,-123.1815123,Blackbird Academy Occasional Daycare,49.2760381,-123.1185708
